quote_date,coverage_final,n_obs_raw,n_obs_unique,coverage,status,interp_used
2013-10-01,0.672,259,217,0.672,kept,linear
2013-10-02,0.532,253,209,0.532,kept,linear
2013-10-03,0.66,264,199,0.66,kept,linear
2013-10-04,0.782,247,205,0.782,kept,linear
2013-10-07,0.708,278,233,0.708,kept,linear
2013-10-08,0.676,340,262,0.676,kept,linear
2013-10-09,0.704,330,253,0.704,kept,linear
2013-10-10,0.544,256,191,0.544,kept,linear
2013-10-11,0.654,242,182,0.654,kept,linear
2013-10-15,0.514,258,188,0.514,kept,linear
2013-10-16,0.65,278,199,0.65,kept,linear
2013-10-17,0.668,289,217,0.668,kept,linear
2013-10-18,0.686,242,192,0.686,kept,linear
2013-10-21,0.568,249,191,0.568,kept,linear
2013-10-22,0.49,289,219,0.49,kept,linear
2013-10-23,0.554,279,214,0.554,kept,linear
2013-10-24,0.532,202,159,0.532,kept,linear
2013-10-25,0.676,242,192,0.676,kept,linear
2013-10-28,0.55,254,200,0.55,kept,linear
2013-10-29,0.574,302,237,0.574,kept,linear
2013-10-30,0.562,309,237,0.562,kept,linear
2013-10-31,0.474,240,173,0.474,kept,linear
2013-11-01,0.554,243,184,0.554,kept,linear
2013-11-04,0.602,241,182,0.602,kept,linear
2013-11-05,0.508,273,209,0.508,kept,linear
2013-11-06,0.59,243,210,0.59,kept,linear
2013-11-07,0.518,246,178,0.518,kept,linear
2013-11-08,0.602,269,202,0.602,kept,linear
2013-11-11,0.552,259,194,0.552,kept,linear
2013-11-12,0.614,276,208,0.614,kept,linear
2013-11-13,0.564,316,248,0.564,kept,linear
2013-11-14,0.55,325,232,0.55,kept,linear
2013-11-15,0.552,275,206,0.552,kept,linear
2013-11-18,0.568,299,217,0.568,kept,linear
2013-11-19,0.498,284,205,0.498,kept,linear
2013-11-20,0.546,278,206,0.546,kept,linear
2013-11-21,0.51,268,203,0.51,kept,linear
2013-11-22,0.482,227,178,0.482,kept,linear
2013-11-25,0.544,238,191,0.544,kept,linear
2013-11-26,0.44,221,173,0.44,kept,linear
2013-11-27,0.466,234,186,0.466,kept,linear
2013-11-29,0.476,188,147,0.476,kept,linear
2013-12-02,0.504,212,165,0.504,kept,linear
2013-12-03,0.488,204,156,0.488,kept,linear
2013-12-04,0.502,233,187,0.502,kept,linear
2013-12-05,0.56,196,149,0.56,kept,linear
2013-12-06,0.508,202,147,0.508,kept,linear
2013-12-09,0.446,184,132,0.446,kept,linear
2013-12-10,0.46,227,179,0.46,kept,linear
2013-12-11,0.5,250,190,0.5,kept,linear
2013-12-12,0.53,234,179,0.53,kept,linear
2013-12-13,0.532,221,167,0.532,kept,linear
2013-12-16,0.488,234,170,0.488,kept,linear
2013-12-17,0.566,225,164,0.566,kept,linear
2013-12-18,0.478,267,191,0.478,kept,linear
2013-12-19,0.434,262,192,0.434,kept,linear
2013-12-20,0.746,237,175,0.746,kept,linear
2013-12-23,0.624,238,189,0.624,kept,linear
2013-12-24,0.614,180,149,0.614,kept,linear
2013-12-26,0.732,208,155,0.732,kept,linear
2013-12-27,0.606,224,177,0.606,kept,linear
2013-12-30,0.612,241,196,0.612,kept,linear
2013-12-31,0.722,271,212,0.722,kept,linear
2014-01-02,0.622,260,201,0.622,kept,linear
2014-01-03,0.584,216,170,0.584,kept,linear
2014-01-06,0.67,262,207,0.67,kept,linear
2014-01-07,0.67,269,207,0.67,kept,linear
2014-01-08,0.66,263,215,0.66,kept,linear
2014-01-09,0.588,219,166,0.588,kept,linear
2014-01-10,0.652,231,179,0.652,kept,linear
2014-01-13,0.65,335,241,0.65,kept,linear
2014-01-14,0.656,301,225,0.656,kept,linear
2014-01-15,0.708,309,235,0.708,kept,linear
2014-01-16,0.616,240,177,0.616,kept,linear
2014-01-17,0.668,295,226,0.668,kept,linear
2014-01-21,0.68,299,224,0.68,kept,linear
2014-01-22,0.638,304,239,0.638,kept,linear
2014-01-23,0.684,387,297,0.684,kept,linear
2014-01-24,0.742,395,316,0.742,kept,linear
2014-01-27,0.746,436,342,0.746,kept,linear
2014-01-28,0.676,350,293,0.676,kept,linear
2014-01-29,0.63,427,336,0.63,kept,linear
2014-01-30,0.608,329,272,0.608,kept,linear
2014-01-31,0.718,370,307,0.718,kept,linear
2014-02-03,0.792,490,382,0.792,kept,linear
2014-02-04,0.72,397,304,0.72,kept,linear
2014-02-05,0.646,371,302,0.646,kept,linear
2014-02-06,0.694,279,239,0.694,kept,linear
2014-02-07,0.702,344,265,0.702,kept,linear
2014-02-10,0.692,344,268,0.692,kept,linear
2014-02-11,0.658,382,305,0.658,kept,linear
2014-02-12,0.612,337,291,0.612,kept,linear
2014-02-13,0.604,348,258,0.604,kept,linear
2014-02-14,0.66,365,290,0.66,kept,linear
2014-02-18,0.64,339,264,0.64,kept,linear
2014-02-19,0.586,397,307,0.586,kept,linear
2014-02-20,0.624,364,290,0.624,kept,linear
2014-02-21,0.58,309,260,0.58,kept,linear
2014-02-24,0.62,364,300,0.62,kept,linear
2014-02-25,0.558,315,271,0.558,kept,linear
2014-02-26,0.59,327,282,0.59,kept,linear
2014-02-27,0.578,274,227,0.578,kept,linear
2014-02-28,0.55,358,282,0.55,kept,linear
2014-03-03,0.582,376,311,0.582,kept,linear
2014-03-04,0.546,365,303,0.546,kept,linear
2014-03-05,0.568,310,257,0.568,kept,linear
2014-03-06,0.56,296,242,0.56,kept,linear
2014-03-07,0.558,309,255,0.558,kept,linear
2014-03-10,0.614,349,294,0.614,kept,linear
2014-03-11,0.588,374,305,0.588,kept,linear
2014-03-12,0.556,366,305,0.556,kept,linear
2014-03-13,0.544,361,285,0.544,kept,linear
2014-03-14,0.54,351,278,0.54,kept,linear
2014-03-17,0.576,341,272,0.576,kept,linear
2014-03-18,0.518,360,292,0.518,kept,linear
2014-03-19,0.492,339,275,0.492,kept,linear
2014-03-20,0.54,327,258,0.54,kept,linear
2014-03-21,0.526,351,295,0.526,kept,linear
2014-03-24,0.586,353,296,0.586,kept,linear
2014-03-25,0.596,343,288,0.596,kept,linear
2014-03-26,0.656,368,321,0.656,kept,linear
2014-03-27,0.634,286,248,0.634,kept,linear
2014-03-28,0.666,305,260,0.666,kept,linear
2014-03-31,0.542,320,275,0.542,kept,linear
2014-04-01,0.622,375,317,0.622,kept,linear
2014-04-02,0.636,407,333,0.636,kept,linear
2014-04-03,0.628,304,248,0.628,kept,linear
2014-04-04,0.606,375,299,0.606,kept,linear
2014-04-07,0.67,436,353,0.67,kept,linear
2014-04-08,0.616,337,288,0.616,kept,linear
2014-04-09,0.59,395,336,0.59,kept,linear
2014-04-10,0.634,386,310,0.634,kept,linear
2014-04-11,0.632,469,377,0.632,kept,linear
2014-04-14,0.634,409,343,0.634,kept,linear
2014-04-15,0.63,446,363,0.63,kept,linear
2014-04-16,0.634,418,345,0.634,kept,linear
2014-04-17,0.624,406,333,0.624,kept,linear
2014-04-21,0.582,310,269,0.582,kept,linear
2014-04-22,0.566,386,318,0.566,kept,linear
2014-04-23,0.584,316,274,0.584,kept,linear
2014-04-24,0.542,299,251,0.542,kept,linear
2014-04-25,0.56,353,285,0.56,kept,linear
2014-04-28,0.516,352,292,0.516,kept,linear
2014-04-29,0.522,308,256,0.522,kept,linear
2014-04-30,0.554,337,272,0.554,kept,linear
2014-05-01,0.52,296,255,0.52,kept,linear
2014-05-02,0.492,314,262,0.492,kept,linear
2014-05-05,0.562,352,296,0.562,kept,linear
2014-05-06,0.61,371,309,0.61,kept,linear
2014-05-07,0.538,337,293,0.538,kept,linear
2014-05-08,0.434,290,237,0.434,kept,linear
2014-05-09,0.522,327,263,0.522,kept,linear
2014-05-12,0.594,438,352,0.594,kept,linear
2014-05-13,0.54,382,310,0.54,kept,linear
2014-05-14,0.476,383,319,0.476,kept,linear
2014-05-15,0.54,424,339,0.54,kept,linear
2014-05-16,0.512,359,280,0.512,kept,linear
2014-05-19,0.502,361,286,0.502,kept,linear
2014-05-20,0.54,368,302,0.54,kept,linear
2014-05-21,0.492,359,300,0.492,kept,linear
2014-05-22,0.464,377,303,0.464,kept,linear
2014-05-23,0.496,315,262,0.496,kept,linear
2014-05-27,0.534,403,325,0.534,kept,linear
2014-05-28,0.436,348,293,0.436,kept,linear
2014-05-29,0.478,301,242,0.478,kept,linear
2014-05-30,0.504,307,256,0.504,kept,linear
2014-06-02,0.494,316,257,0.494,kept,linear
2014-06-03,0.466,298,243,0.466,kept,linear
2014-06-04,0.46,265,212,0.46,kept,linear
2014-06-05,0.462,322,249,0.462,kept,linear
2014-06-06,0.488,323,258,0.488,kept,linear
2014-06-09,0.428,321,256,0.428,kept,linear
2014-06-10,0.454,317,257,0.454,kept,linear
2014-06-11,0.438,322,256,0.438,kept,linear
2014-06-12,0.478,302,246,0.478,kept,linear
2014-06-13,0.402,299,239,0.402,kept,linear
2014-06-16,0.494,308,243,0.494,kept,linear
2014-06-17,0.424,277,221,0.424,kept,linear
2014-06-18,0.42,336,272,0.42,kept,linear
2014-06-19,0.64,390,306,0.64,kept,linear
2014-06-20,0.598,308,264,0.598,kept,linear
2014-06-23,0.576,310,254,0.576,kept,linear
2014-06-24,0.618,404,323,0.618,kept,linear
2014-06-25,0.586,339,282,0.586,kept,linear
2014-06-26,0.62,291,244,0.62,kept,linear
2014-06-27,0.632,282,241,0.632,kept,linear
2014-06-30,0.708,333,277,0.708,kept,linear
2014-07-01,0.606,428,348,0.606,kept,linear
2014-07-02,0.584,338,280,0.584,kept,linear
2014-07-03,0.566,264,207,0.566,kept,linear
2014-07-07,0.608,355,291,0.608,kept,linear
2014-07-08,0.642,409,336,0.642,kept,linear
2014-07-09,0.594,363,301,0.594,kept,linear
2014-07-10,0.598,338,271,0.598,kept,linear
2014-07-11,0.606,286,234,0.606,kept,linear
2014-07-14,0.586,352,293,0.586,kept,linear
2014-07-15,0.62,378,316,0.62,kept,linear
2014-07-16,0.622,358,300,0.622,kept,linear
2014-07-17,0.626,486,401,0.626,kept,linear
2014-07-18,0.57,349,303,0.57,kept,linear
2014-07-21,0.594,364,308,0.594,kept,linear
2014-07-22,0.612,401,333,0.612,kept,linear
2014-07-23,0.636,428,364,0.636,kept,linear
2014-07-24,0.638,329,281,0.638,kept,linear
2014-07-25,0.674,352,301,0.674,kept,linear
2014-07-28,0.598,364,312,0.598,kept,linear
2014-07-29,0.548,421,356,0.548,kept,linear
2014-07-30,0.506,440,369,0.506,kept,linear
2014-07-31,0.678,513,416,0.678,kept,linear
2014-08-01,0.618,519,427,0.618,kept,linear
2014-08-04,0.526,448,376,0.526,kept,linear
2014-08-05,0.592,503,417,0.592,kept,linear
2014-08-06,0.582,423,379,0.582,kept,linear
2014-08-07,0.624,432,363,0.624,kept,linear
2014-08-08,0.586,425,350,0.586,kept,linear
2014-08-11,0.542,433,366,0.542,kept,linear
2014-08-12,0.564,425,363,0.564,kept,linear
2014-08-13,0.51,425,376,0.51,kept,linear
2014-08-14,0.542,361,291,0.542,kept,linear
2014-08-15,0.53,438,345,0.53,kept,linear
2014-08-18,0.544,446,356,0.544,kept,linear
2014-08-19,0.546,455,384,0.546,kept,linear
2014-08-20,0.484,404,340,0.484,kept,linear
2014-08-21,0.544,462,372,0.544,kept,linear
2014-08-22,0.48,396,328,0.48,kept,linear
2014-08-25,0.538,445,376,0.538,kept,linear
2014-08-26,0.508,459,399,0.508,kept,linear
2014-08-27,0.464,399,340,0.464,kept,linear
2014-08-28,0.472,365,300,0.472,kept,linear
2014-08-29,0.432,348,294,0.432,kept,linear
2014-09-02,0.48,354,299,0.48,kept,linear
2014-09-03,0.408,360,311,0.408,kept,linear
2014-09-04,0.48,323,279,0.48,kept,linear
2014-09-05,0.506,343,285,0.506,kept,linear
2014-09-08,0.476,312,264,0.476,kept,linear
2014-09-09,0.462,429,352,0.462,kept,linear
2014-09-10,0.392,370,313,0.392,kept,linear
2014-09-11,0.484,313,266,0.484,kept,linear
2014-09-12,0.522,408,321,0.522,kept,linear
2014-09-15,0.514,382,318,0.514,kept,linear
2014-09-16,0.434,427,347,0.434,kept,linear
2014-09-17,0.482,427,354,0.482,kept,linear
2014-09-18,0.438,458,379,0.438,kept,linear
2014-09-19,0.426,427,357,0.426,kept,linear
2014-09-22,0.464,473,405,0.464,kept,linear
2014-09-23,0.696,523,446,0.696,kept,linear
2014-09-24,0.636,463,385,0.636,kept,linear
2014-09-25,0.712,501,412,0.712,kept,linear
2014-09-26,0.588,429,368,0.588,kept,linear
2014-09-29,0.652,507,428,0.652,kept,linear
2014-09-30,0.658,462,394,0.658,kept,linear
2014-10-01,0.722,602,495,0.722,kept,linear
2014-10-02,0.642,474,374,0.642,kept,linear
2014-10-03,0.738,454,378,0.738,kept,linear
2014-10-06,0.532,430,359,0.532,kept,linear
2014-10-07,0.658,515,430,0.658,kept,linear
2014-10-08,0.612,517,426,0.612,kept,linear
2014-10-09,0.614,526,409,0.614,kept,linear
2014-10-10,0.666,537,432,0.666,kept,linear
2014-10-14,0.712,702,548,0.712,kept,linear
2014-10-15,0.614,778,584,0.614,kept,linear
2014-10-16,0.746,524,413,0.746,kept,linear
2014-10-17,0.618,576,448,0.618,kept,linear
2014-10-20,0.586,529,421,0.586,kept,linear
2014-10-21,0.65,620,477,0.65,kept,linear
2014-10-22,0.61,614,493,0.61,kept,linear
2014-10-23,0.644,557,450,0.644,kept,linear
2014-10-24,0.51,470,390,0.51,kept,linear
2014-10-27,0.596,474,399,0.596,kept,linear
2014-10-28,0.596,564,476,0.596,kept,linear
2014-10-29,0.57,551,436,0.57,kept,linear
2014-10-30,0.532,425,348,0.532,kept,linear
2014-10-31,0.598,499,405,0.598,kept,linear
2014-11-03,0.56,500,402,0.56,kept,linear
2014-11-04,0.564,471,384,0.564,kept,linear
2014-11-05,0.532,447,369,0.532,kept,linear
2014-11-06,0.496,405,323,0.496,kept,linear
2014-11-07,0.538,405,333,0.538,kept,linear
2014-11-10,0.562,450,363,0.562,kept,linear
2014-11-12,0.438,424,356,0.438,kept,linear
2014-11-13,0.56,441,339,0.56,kept,linear
2014-11-14,0.554,386,304,0.554,kept,linear
2014-11-17,0.556,465,374,0.556,kept,linear
2014-11-18,0.57,518,421,0.57,kept,linear
2014-11-19,0.462,465,370,0.462,kept,linear
2014-11-20,0.546,476,374,0.546,kept,linear
2014-11-21,0.536,474,382,0.536,kept,linear
2014-11-24,0.552,460,386,0.552,kept,linear
2014-11-25,0.476,434,353,0.476,kept,linear
2014-11-26,0.496,388,337,0.496,kept,linear
2014-11-28,0.456,355,291,0.456,kept,linear
2014-12-01,0.422,472,383,0.422,kept,linear
2014-12-02,0.436,301,251,0.436,kept,linear
2014-12-03,0.508,343,289,0.508,kept,linear
2014-12-04,0.496,291,241,0.496,kept,linear
2014-12-05,0.472,330,269,0.472,kept,linear
2014-12-08,0.504,405,340,0.504,kept,linear
2014-12-09,0.524,456,371,0.524,kept,linear
2014-12-10,0.562,556,461,0.562,kept,linear
2014-12-11,0.514,361,304,0.514,kept,linear
2014-12-12,0.536,489,403,0.536,kept,linear
2014-12-15,0.564,520,414,0.564,kept,linear
2014-12-16,0.584,534,431,0.584,kept,linear
2014-12-17,0.484,532,422,0.484,kept,linear
2014-12-18,0.512,478,376,0.512,kept,linear
2014-12-19,0.684,439,356,0.684,kept,linear
2014-12-22,0.672,426,365,0.672,kept,linear
2014-12-23,0.682,469,383,0.682,kept,linear
2014-12-24,0.652,328,290,0.652,kept,linear
2014-12-26,0.65,347,300,0.65,kept,linear
2014-12-29,0.67,427,364,0.67,kept,linear
2014-12-30,0.656,434,368,0.656,kept,linear
2014-12-31,0.754,564,466,0.754,kept,linear
2015-01-02,0.678,461,378,0.678,kept,linear
2015-01-05,0.782,642,507,0.782,kept,linear
2015-01-06,0.724,689,533,0.724,kept,linear
2015-01-07,0.732,572,462,0.732,kept,linear
2015-01-08,0.708,504,406,0.708,kept,linear
2015-01-09,0.71,498,397,0.71,kept,linear
2015-01-12,0.724,601,462,0.724,kept,linear
2015-01-13,0.71,626,494,0.71,kept,linear
2015-01-14,0.75,672,530,0.75,kept,linear
2015-01-15,0.826,447,366,0.826,kept,linear
2015-01-16,0.786,502,417,0.786,kept,linear
2015-01-20,0.706,522,435,0.706,kept,linear
2015-01-21,0.678,505,423,0.678,kept,linear
2015-01-22,0.674,568,463,0.674,kept,linear
2015-01-23,0.704,518,431,0.704,kept,linear
2015-01-26,0.74,495,415,0.74,kept,linear
2015-01-27,0.692,615,518,0.692,kept,linear
2015-01-28,0.732,624,511,0.732,kept,linear
2015-01-29,0.666,552,455,0.666,kept,linear
2015-01-30,0.7,512,450,0.7,kept,linear
2015-02-02,0.674,659,541,0.674,kept,linear
2015-02-03,0.65,623,515,0.65,kept,linear
2015-02-04,0.612,534,453,0.612,kept,linear
2015-02-05,0.604,486,433,0.604,kept,linear
2015-02-06,0.65,594,512,0.65,kept,linear
2015-02-09,0.696,587,503,0.696,kept,linear
2015-02-10,0.658,617,505,0.658,kept,linear
2015-02-11,0.63,517,440,0.63,kept,linear
2015-02-12,0.666,506,418,0.666,kept,linear
2015-02-13,0.686,581,472,0.686,kept,linear
2015-02-17,0.62,583,502,0.62,kept,linear
2015-02-18,0.66,553,458,0.66,kept,linear
2015-02-19,0.624,472,410,0.624,kept,linear
2015-02-20,0.586,502,427,0.586,kept,linear
2015-02-23,0.6,489,437,0.6,kept,linear
2015-02-24,0.572,512,448,0.572,kept,linear
2015-02-25,0.558,500,431,0.558,kept,linear
2015-02-26,0.576,440,391,0.576,kept,linear
2015-02-27,0.564,437,382,0.564,kept,linear
2015-03-02,0.544,398,337,0.544,kept,linear
2015-03-03,0.628,483,408,0.628,kept,linear
2015-03-04,0.566,434,368,0.566,kept,linear
2015-03-05,0.586,351,305,0.586,kept,linear
2015-03-06,0.606,562,467,0.606,kept,linear
2015-03-09,0.564,468,405,0.564,kept,linear
2015-03-10,0.58,651,553,0.58,kept,linear
2015-03-11,0.598,537,460,0.598,kept,linear
2015-03-12,0.542,438,370,0.542,kept,linear
2015-03-13,0.558,501,411,0.558,kept,linear
2015-03-16,0.558,535,454,0.558,kept,linear
2015-03-17,0.552,473,394,0.552,kept,linear
2015-03-18,0.596,545,433,0.596,kept,linear
2015-03-19,0.542,497,425,0.542,kept,linear
2015-03-20,0.624,583,483,0.624,kept,linear
2015-03-23,0.55,519,443,0.55,kept,linear
2015-03-24,0.636,564,495,0.636,kept,linear
2015-03-25,0.698,652,562,0.698,kept,linear
2015-03-26,0.698,616,525,0.698,kept,linear
2015-03-27,0.632,450,403,0.632,kept,linear
2015-03-30,0.634,566,473,0.634,kept,linear
2015-03-31,0.668,626,542,0.668,kept,linear
2015-04-01,0.666,632,532,0.666,kept,linear
2015-04-02,0.624,421,368,0.624,kept,linear
2015-04-06,0.556,584,493,0.556,kept,linear
2015-04-07,0.64,508,435,0.64,kept,linear
2015-04-08,0.574,465,404,0.574,kept,linear
2015-04-09,0.738,483,420,0.738,kept,linear
2015-04-10,0.608,501,423,0.608,kept,linear
2015-04-13,0.676,573,491,0.676,kept,linear
2015-04-14,0.624,485,407,0.624,kept,linear
2015-04-15,0.636,597,508,0.636,kept,linear
2015-04-16,0.598,421,379,0.598,kept,linear
2015-04-17,0.63,637,556,0.63,kept,linear
2015-04-20,0.622,515,458,0.622,kept,linear
2015-04-21,0.598,533,459,0.598,kept,linear
2015-04-22,0.634,618,524,0.634,kept,linear
2015-04-23,0.574,545,464,0.574,kept,linear
2015-04-24,0.678,483,422,0.678,kept,linear
2015-04-27,0.554,592,518,0.554,kept,linear
2015-04-28,0.586,539,465,0.586,kept,linear
2015-04-29,0.584,570,482,0.584,kept,linear
2015-04-30,0.626,632,544,0.626,kept,linear
2015-05-01,0.66,543,469,0.66,kept,linear
2015-05-04,0.586,611,531,0.586,kept,linear
2015-05-05,0.618,696,605,0.618,kept,linear
2015-05-06,0.616,709,635,0.616,kept,linear
2015-05-07,0.562,545,483,0.562,kept,linear
2015-05-08,0.576,692,592,0.576,kept,linear
2015-05-11,0.596,625,544,0.596,kept,linear
2015-05-12,0.51,615,529,0.51,kept,linear
2015-05-13,0.548,581,506,0.548,kept,linear
2015-05-14,0.566,637,543,0.566,kept,linear
2015-05-15,0.562,582,487,0.562,kept,linear
2015-05-18,0.536,673,570,0.536,kept,linear
2015-05-19,0.45,565,487,0.45,kept,linear
2015-05-20,0.524,653,566,0.524,kept,linear
2015-05-21,0.492,493,441,0.492,kept,linear
2015-05-22,0.526,533,479,0.526,kept,linear
2015-05-26,0.574,774,658,0.574,kept,linear
2015-05-27,0.524,682,596,0.524,kept,linear
2015-05-28,0.48,512,451,0.48,kept,linear
2015-05-29,0.49,589,523,0.49,kept,linear
2015-06-01,0.448,537,470,0.448,kept,linear
2015-06-02,0.548,541,475,0.548,kept,linear
2015-06-03,0.49,456,411,0.49,kept,linear
2015-06-04,0.486,591,521,0.486,kept,linear
2015-06-05,0.476,548,472,0.476,kept,linear
2015-06-08,0.542,649,558,0.542,kept,linear
2015-06-09,0.53,570,496,0.53,kept,linear
2015-06-10,0.54,707,596,0.54,kept,linear
2015-06-11,0.476,500,438,0.476,kept,linear
2015-06-12,0.47,587,512,0.47,kept,linear
2015-06-15,0.528,644,550,0.528,kept,linear
2015-06-16,0.586,559,479,0.586,kept,linear
2015-06-17,0.56,572,493,0.56,kept,linear
2015-06-18,0.734,727,637,0.734,kept,linear
2015-06-19,0.626,615,535,0.626,kept,linear
2015-06-22,0.65,636,556,0.65,kept,linear
2015-06-23,0.636,573,503,0.636,kept,linear
2015-06-24,0.706,697,599,0.706,kept,linear
2015-06-25,0.724,567,499,0.724,kept,linear
2015-06-26,0.632,619,549,0.632,kept,linear
2015-06-29,0.744,1031,864,0.744,kept,linear
2015-06-30,0.728,817,691,0.728,kept,linear
2015-07-01,0.718,674,597,0.718,kept,linear
2015-07-02,0.638,644,564,0.638,kept,linear
2015-07-06,0.746,761,659,0.746,kept,linear
2015-07-07,0.636,813,683,0.636,kept,linear
2015-07-08,0.67,772,667,0.67,kept,linear
2015-07-09,0.644,685,585,0.644,kept,linear
2015-07-10,0.652,674,585,0.652,kept,linear
2015-07-13,0.638,744,626,0.638,kept,linear
2015-07-14,0.662,755,656,0.662,kept,linear
2015-07-15,0.658,689,601,0.658,kept,linear
2015-07-16,0.61,665,584,0.61,kept,linear
2015-07-17,0.56,615,532,0.56,kept,linear
2015-07-20,0.622,718,606,0.622,kept,linear
2015-07-21,0.63,665,575,0.63,kept,linear
2015-07-22,0.64,659,564,0.64,kept,linear
2015-07-23,0.62,766,666,0.62,kept,linear
2015-07-24,0.622,860,719,0.622,kept,linear
2015-07-27,0.626,951,803,0.626,kept,linear
2015-07-28,0.766,862,750,0.766,kept,linear
2015-07-29,0.524,788,674,0.524,kept,linear
2015-07-30,0.556,716,611,0.556,kept,linear
2015-07-31,0.584,686,585,0.584,kept,linear
2015-08-03,0.594,680,585,0.594,kept,linear
2015-08-04,0.628,617,538,0.628,kept,linear
2015-08-05,0.562,652,593,0.562,kept,linear
2015-08-06,0.584,718,633,0.584,kept,linear
2015-08-07,0.578,694,597,0.578,kept,linear
2015-08-10,0.656,741,633,0.656,kept,linear
2015-08-11,0.606,848,725,0.606,kept,linear
2015-08-12,0.584,894,755,0.584,kept,linear
2015-08-13,0.594,617,526,0.594,kept,linear
2015-08-14,0.546,613,540,0.546,kept,linear
2015-08-17,0.574,772,664,0.574,kept,linear
2015-08-18,0.542,689,599,0.542,kept,linear
2015-08-19,0.516,871,738,0.516,kept,linear
2015-08-20,0.602,934,793,0.602,kept,linear
2015-08-21,0.602,1075,884,0.602,kept,linear
2015-08-24,0.562,690,599,0.562,kept,linear
2015-08-25,0.636,1104,894,0.636,kept,linear
2015-08-26,0.6,1167,921,0.6,kept,linear
2015-08-27,0.586,866,672,0.586,kept,linear
2015-08-28,0.606,885,729,0.606,kept,linear
2015-08-31,0.59,829,671,0.59,kept,linear
2015-09-01,0.65,884,726,0.65,kept,linear
2015-09-02,0.6,842,695,0.6,kept,linear
2015-09-03,0.652,685,574,0.652,kept,linear
2015-09-04,0.676,742,620,0.676,kept,linear
2015-09-08,0.58,818,671,0.58,kept,linear
2015-09-09,0.562,807,681,0.562,kept,linear
2015-09-10,0.588,630,528,0.588,kept,linear
2015-09-11,0.556,588,522,0.556,kept,linear
2015-09-14,0.596,596,510,0.596,kept,linear
2015-09-15,0.59,808,680,0.59,kept,linear
2015-09-16,0.57,729,596,0.57,kept,linear
2015-09-17,0.398,327,259,0.398,kept,linear
2015-09-18,0.596,834,717,0.596,kept,linear
2015-09-21,0.594,787,670,0.594,kept,linear
2015-09-22,0.79,880,725,0.79,kept,linear
2015-09-23,0.748,734,618,0.748,kept,linear
2015-09-24,0.748,762,642,0.748,kept,linear
2015-09-25,0.746,691,580,0.746,kept,linear
2015-09-28,0.71,859,717,0.71,kept,linear
2015-09-29,0.748,835,681,0.748,kept,linear
2015-09-30,0.79,813,671,0.79,kept,linear
2015-10-01,0.692,691,585,0.692,kept,linear
2015-10-02,0.792,872,734,0.792,kept,linear
2015-10-05,0.774,995,828,0.774,kept,linear
2015-10-06,0.69,807,696,0.69,kept,linear
2015-10-07,0.702,872,748,0.702,kept,linear
2015-10-08,0.602,788,670,0.602,kept,linear
2015-10-09,0.782,737,619,0.782,kept,linear
2015-10-13,0.656,790,671,0.656,kept,linear
2015-10-14,0.698,721,618,0.698,kept,linear
2015-10-15,0.678,702,588,0.678,kept,linear
2015-10-16,0.722,695,572,0.722,kept,linear
2015-10-19,0.646,627,535,0.646,kept,linear
2015-10-20,0.654,702,587,0.654,kept,linear
2015-10-21,0.588,736,609,0.588,kept,linear
2015-10-22,0.596,770,646,0.596,kept,linear
2015-10-23,0.636,868,711,0.636,kept,linear
2015-10-26,0.602,736,619,0.602,kept,linear
2015-10-27,0.568,725,625,0.568,kept,linear
2015-10-28,0.594,874,717,0.594,kept,linear
2015-10-29,0.594,683,580,0.594,kept,linear
2015-10-30,0.636,784,658,0.636,kept,linear
2015-11-02,0.57,772,641,0.57,kept,linear
2015-11-03,0.62,748,624,0.62,kept,linear
2015-11-04,0.56,691,597,0.56,kept,linear
2015-11-05,0.558,569,475,0.558,kept,linear
2015-11-06,0.546,611,505,0.546,kept,linear
2015-11-09,0.614,750,625,0.614,kept,linear
2015-11-10,0.612,623,511,0.612,kept,linear
2015-11-12,0.572,709,588,0.572,kept,linear
2015-11-13,0.628,861,698,0.628,kept,linear
2015-11-16,0.576,714,584,0.576,kept,linear
2015-11-17,0.562,717,594,0.562,kept,linear
2015-11-18,0.592,748,598,0.592,kept,linear
2015-11-19,0.564,685,549,0.564,kept,linear
2015-11-20,0.606,689,575,0.606,kept,linear
2015-11-23,0.492,641,553,0.492,kept,linear
2015-11-24,0.562,690,591,0.562,kept,linear
2015-11-25,0.554,443,385,0.554,kept,linear
2015-11-27,0.522,414,368,0.522,kept,linear
2015-11-30,0.546,611,501,0.546,kept,linear
2015-12-01,0.562,703,577,0.562,kept,linear
2015-12-02,0.51,628,513,0.51,kept,linear
2015-12-03,0.558,784,621,0.558,kept,linear
2015-12-04,0.47,761,609,0.47,kept,linear
2015-12-07,0.566,748,618,0.566,kept,linear
2015-12-08,0.52,777,640,0.52,kept,linear
2015-12-09,0.544,892,721,0.544,kept,linear
2015-12-10,0.528,602,497,0.528,kept,linear
2015-12-11,0.556,835,682,0.556,kept,linear
2015-12-14,0.584,809,669,0.584,kept,linear
2015-12-15,0.562,721,601,0.562,kept,linear
2015-12-16,0.526,752,638,0.526,kept,linear
2015-12-17,0.746,709,609,0.746,kept,linear
2015-12-18,0.778,869,731,0.778,kept,linear
2015-12-21,0.722,741,629,0.722,kept,linear
2015-12-22,0.7,761,656,0.7,kept,linear
2015-12-23,0.688,876,735,0.688,kept,linear
2015-12-24,0.682,494,444,0.682,kept,linear
2015-12-28,0.768,727,635,0.768,kept,linear
2015-12-29,0.686,828,696,0.686,kept,linear
2015-12-30,0.656,732,628,0.656,kept,linear
2015-12-31,0.77,700,605,0.77,kept,linear
2016-01-04,0.762,1017,840,0.762,kept,linear
2016-01-05,0.806,805,675,0.806,kept,linear
2016-01-06,0.772,964,819,0.772,kept,linear
2016-01-07,0.82,1018,834,0.82,kept,linear
2016-01-08,0.818,971,798,0.818,kept,linear
2016-01-11,0.828,1103,890,0.828,kept,linear
2016-01-12,0.794,975,799,0.794,kept,linear
2016-01-13,0.808,1110,906,0.808,kept,linear
2016-01-14,0.828,963,775,0.828,kept,linear
2016-01-15,0.804,1089,888,0.804,kept,linear
2016-01-19,0.756,1026,826,0.756,kept,linear
2016-01-20,0.74,1247,972,0.74,kept,linear
2016-01-21,0.83,891,737,0.83,kept,linear
2016-01-22,0.808,946,770,0.808,kept,linear
2016-01-25,0.78,903,758,0.78,kept,linear
2016-01-26,0.738,885,737,0.738,kept,linear
2016-01-27,0.768,1005,843,0.768,kept,linear
2016-01-28,0.694,729,622,0.694,kept,linear
2016-01-29,0.82,1015,835,0.82,kept,linear
2016-02-01,0.806,832,694,0.806,kept,linear
2016-02-02,0.74,854,711,0.74,kept,linear
2016-02-03,0.746,851,738,0.746,kept,linear
2016-02-04,0.724,693,591,0.724,kept,linear
2016-02-05,0.772,824,687,0.772,kept,linear
2016-02-08,0.76,1024,838,0.76,kept,linear
2016-02-09,0.738,876,716,0.738,kept,linear
2016-02-10,0.742,819,684,0.742,kept,linear
2016-02-11,0.752,922,734,0.752,kept,linear
2016-02-12,0.752,840,700,0.752,kept,linear
2016-02-16,0.708,932,758,0.708,kept,linear
2016-02-17,0.702,1066,863,0.702,kept,linear
2016-02-18,0.708,776,674,0.708,kept,linear
2016-02-19,0.682,774,679,0.682,kept,linear
2016-02-22,0.692,897,751,0.692,kept,linear
2016-02-23,0.698,902,782,0.698,kept,linear
2016-02-24,0.778,846,729,0.778,kept,linear
2016-02-25,0.672,735,631,0.672,kept,linear
2016-02-26,0.652,840,699,0.652,kept,linear
2016-02-29,0.652,827,702,0.652,kept,linear
2016-03-01,0.638,996,819,0.638,kept,linear
2016-03-02,0.614,801,662,0.614,kept,linear
2016-03-03,0.614,706,606,0.614,kept,linear
2016-03-04,0.612,789,649,0.612,kept,linear
2016-03-07,0.65,735,621,0.65,kept,linear
2016-03-08,0.632,817,692,0.632,kept,linear
2016-03-09,0.632,695,602,0.632,kept,linear
2016-03-10,0.648,739,618,0.648,kept,linear
2016-03-11,0.61,803,672,0.61,kept,linear
2016-03-14,0.624,731,607,0.624,kept,linear
2016-03-15,0.65,724,594,0.65,kept,linear
2016-03-16,0.58,804,654,0.58,kept,linear
2016-03-17,0.61,816,682,0.61,kept,linear
2016-03-18,0.646,797,653,0.646,kept,linear
2016-03-21,0.64,733,608,0.64,kept,linear
2016-03-22,0.656,876,743,0.656,kept,linear
2016-03-23,0.686,870,729,0.686,kept,linear
2016-03-24,0.738,780,666,0.738,kept,linear
2016-03-28,0.654,702,594,0.654,kept,linear
2016-03-29,0.684,867,711,0.684,kept,linear
2016-03-30,0.704,939,756,0.704,kept,linear
2016-03-31,0.664,665,561,0.664,kept,linear
2016-04-01,0.68,814,671,0.68,kept,linear
2016-04-04,0.654,780,663,0.654,kept,linear
2016-04-05,0.77,893,744,0.77,kept,linear
2016-04-06,0.658,796,695,0.658,kept,linear
2016-04-07,0.738,846,712,0.738,kept,linear
2016-04-08,0.67,713,607,0.67,kept,linear
2016-04-11,0.738,872,730,0.738,kept,linear
2016-04-12,0.744,936,769,0.744,kept,linear
2016-04-13,0.7,983,797,0.7,kept,linear
2016-04-14,0.626,760,637,0.626,kept,linear
2016-04-15,0.678,762,649,0.678,kept,linear
2016-04-18,0.646,904,752,0.646,kept,linear
2016-04-19,0.676,911,749,0.676,kept,linear
2016-04-20,0.736,967,786,0.736,kept,linear
2016-04-21,0.704,794,670,0.704,kept,linear
2016-04-22,0.672,776,668,0.672,kept,linear
2016-04-25,0.632,900,764,0.632,kept,linear
2016-04-26,0.65,733,635,0.65,kept,linear
2016-04-27,0.65,839,722,0.65,kept,linear
2016-04-28,0.71,830,705,0.71,kept,linear
2016-04-29,0.686,983,808,0.686,kept,linear
2016-05-02,0.628,767,652,0.628,kept,linear
2016-05-03,0.644,833,699,0.644,kept,linear
2016-05-04,0.656,838,706,0.656,kept,linear
2016-05-05,0.664,658,569,0.664,kept,linear
2016-05-06,0.652,783,654,0.652,kept,linear
2016-05-09,0.59,749,638,0.59,kept,linear
2016-05-10,0.646,855,715,0.646,kept,linear
2016-05-11,0.61,782,704,0.61,kept,linear
2016-05-12,0.578,704,580,0.578,kept,linear
2016-05-13,0.604,842,695,0.604,kept,linear
2016-05-16,0.584,819,661,0.584,kept,linear
2016-05-17,0.628,859,729,0.628,kept,linear
2016-05-18,0.58,870,698,0.58,kept,linear
2016-05-19,0.582,826,668,0.582,kept,linear
2016-05-20,0.58,787,668,0.58,kept,linear
2016-05-23,0.694,754,634,0.694,kept,linear
2016-05-24,0.584,869,704,0.584,kept,linear
2016-05-25,0.6,871,702,0.6,kept,linear
2016-05-26,0.54,646,543,0.54,kept,linear
2016-05-27,0.532,677,565,0.532,kept,linear
2016-05-31,0.6,718,566,0.6,kept,linear
2016-06-01,0.546,636,518,0.546,kept,linear
2016-06-02,0.564,571,459,0.564,kept,linear
2016-06-03,0.594,596,485,0.594,kept,linear
2016-06-06,0.532,654,513,0.532,kept,linear
2016-06-07,0.574,745,600,0.574,kept,linear
2016-06-08,0.546,704,578,0.546,kept,linear
2016-06-09,0.578,637,516,0.578,kept,linear
2016-06-10,0.534,774,630,0.534,kept,linear
2016-06-13,0.554,809,682,0.554,kept,linear
2016-06-14,0.56,842,681,0.56,kept,linear
2016-06-15,0.55,756,626,0.55,kept,linear
2016-06-16,0.714,723,608,0.714,kept,linear
2016-06-17,0.722,677,574,0.722,kept,linear
2016-06-20,0.698,762,648,0.698,kept,linear
2016-06-21,0.68,668,579,0.68,kept,linear
2016-06-22,0.666,712,611,0.666,kept,linear
2016-06-23,0.606,586,488,0.606,kept,linear
2016-06-24,0.73,833,660,0.73,kept,linear
2016-06-27,0.788,895,693,0.788,kept,linear
2016-06-28,0.71,828,662,0.71,kept,linear
2016-06-29,0.67,891,709,0.67,kept,linear
2016-06-30,0.704,781,624,0.704,kept,linear
2016-07-01,0.65,742,619,0.65,kept,linear
2016-07-05,0.7,805,658,0.7,kept,linear
2016-07-06,0.672,811,691,0.672,kept,linear
2016-07-07,0.606,656,536,0.606,kept,linear
2016-07-08,0.724,807,638,0.724,kept,linear
2016-07-11,0.712,868,694,0.712,kept,linear
2016-07-12,0.718,877,711,0.718,kept,linear
2016-07-13,0.696,826,674,0.696,kept,linear
2016-07-14,0.658,795,620,0.658,kept,linear
2016-07-15,0.708,711,587,0.708,kept,linear
2016-07-18,0.686,745,607,0.686,kept,linear
2016-07-19,0.648,755,638,0.648,kept,linear
2016-07-20,0.596,886,722,0.596,kept,linear
2016-07-21,0.678,800,657,0.678,kept,linear
2016-07-22,0.696,792,680,0.696,kept,linear
2016-07-25,0.69,767,651,0.69,kept,linear
2016-07-26,0.656,783,657,0.656,kept,linear
2016-07-27,0.656,803,654,0.656,kept,linear
2016-07-28,0.668,709,591,0.668,kept,linear
2016-07-29,0.692,764,621,0.692,kept,linear
2016-08-01,0.666,816,666,0.666,kept,linear
2016-08-02,0.664,770,627,0.664,kept,linear
2016-08-03,0.612,628,534,0.612,kept,linear
2016-08-04,0.596,526,440,0.596,kept,linear
2016-08-05,0.726,694,544,0.726,kept,linear
2016-08-08,0.548,680,531,0.548,kept,linear
2016-08-09,0.646,746,589,0.646,kept,linear
2016-08-10,0.598,696,598,0.598,kept,linear
2016-08-11,0.642,651,508,0.642,kept,linear
2016-08-12,0.594,614,496,0.594,kept,linear
2016-08-15,0.578,677,534,0.578,kept,linear
2016-08-16,0.546,745,603,0.546,kept,linear
2016-08-17,0.626,705,586,0.626,kept,linear
2016-08-18,0.58,592,505,0.58,kept,linear
2016-08-19,0.56,638,532,0.56,kept,linear
2016-08-22,0.578,664,555,0.578,kept,linear
2016-08-23,0.634,660,537,0.634,kept,linear
2016-08-24,0.56,721,610,0.56,kept,linear
2016-08-25,0.668,603,514,0.668,kept,linear
2016-08-26,0.586,654,536,0.586,kept,linear
2016-08-29,0.608,658,551,0.608,kept,linear
2016-08-30,0.594,682,583,0.594,kept,linear
2016-08-31,0.59,775,648,0.59,kept,linear
2016-09-01,0.562,599,503,0.562,kept,linear
2016-09-02,0.572,680,555,0.572,kept,linear
2016-09-06,0.482,701,572,0.482,kept,linear
2016-09-07,0.576,716,610,0.576,kept,linear
2016-09-08,0.63,613,510,0.63,kept,linear
2016-09-09,0.566,942,745,0.566,kept,linear
2016-09-12,0.574,908,718,0.574,kept,linear
2016-09-13,0.524,884,735,0.524,kept,linear
2016-09-14,0.536,858,694,0.536,kept,linear
2016-09-15,0.54,696,574,0.54,kept,linear
2016-09-16,0.574,722,606,0.574,kept,linear
2016-09-19,0.478,716,599,0.478,kept,linear
2016-09-20,0.586,673,568,0.586,kept,linear
2016-09-21,0.634,743,600,0.634,kept,linear
2016-09-22,0.62,745,615,0.62,kept,linear
2016-09-23,0.64,692,580,0.64,kept,linear
2016-09-26,0.688,809,679,0.688,kept,linear
2016-09-27,0.67,766,635,0.67,kept,linear
2016-09-28,0.706,832,682,0.706,kept,linear
2016-09-29,0.65,716,581,0.65,kept,linear
2016-09-30,0.712,774,643,0.712,kept,linear
2016-10-03,0.63,696,567,0.63,kept,linear
2016-10-04,0.694,797,657,0.694,kept,linear
2016-10-05,0.716,715,630,0.716,kept,linear
2016-10-06,0.668,703,595,0.668,kept,linear
2016-10-07,0.65,789,659,0.65,kept,linear
2016-10-11,0.762,964,786,0.762,kept,linear
2016-10-12,0.682,857,703,0.682,kept,linear
2016-10-13,0.732,908,740,0.732,kept,linear
2016-10-14,0.674,858,707,0.674,kept,linear
2016-10-17,0.642,870,709,0.642,kept,linear
2016-10-18,0.678,888,732,0.678,kept,linear
2016-10-19,0.676,873,692,0.676,kept,linear
2016-10-20,0.654,834,675,0.654,kept,linear
2016-10-21,0.662,824,682,0.662,kept,linear
2016-10-24,0.728,858,706,0.728,kept,linear
2016-10-25,0.706,832,683,0.706,kept,linear
2016-10-26,0.76,953,769,0.76,kept,linear
2016-10-27,0.716,807,663,0.716,kept,linear
2016-10-28,0.71,835,664,0.71,kept,linear
2016-10-31,0.6,773,661,0.6,kept,linear
2016-11-01,0.676,865,695,0.676,kept,linear
2016-11-02,0.69,829,682,0.69,kept,linear
2016-11-03,0.652,679,592,0.652,kept,linear
2016-11-04,0.624,759,623,0.624,kept,linear
2016-11-07,0.644,759,620,0.644,kept,linear
2016-11-08,0.572,655,556,0.572,kept,linear
2016-11-09,0.626,911,711,0.626,kept,linear
2016-11-10,0.658,812,649,0.658,kept,linear
2016-11-14,0.644,836,698,0.644,kept,linear
2016-11-15,0.636,859,709,0.636,kept,linear
2016-11-16,0.656,785,654,0.656,kept,linear
2016-11-17,0.618,759,628,0.618,kept,linear
2016-11-18,0.658,720,613,0.658,kept,linear
2016-11-21,0.706,839,675,0.706,kept,linear
2016-11-22,0.612,818,647,0.612,kept,linear
2016-11-23,0.61,763,634,0.61,kept,linear
2016-11-25,0.616,629,531,0.616,kept,linear
2016-11-28,0.624,747,608,0.624,kept,linear
2016-11-29,0.606,722,588,0.606,kept,linear
2016-11-30,0.646,787,655,0.646,kept,linear
2016-12-01,0.646,682,561,0.646,kept,linear
2016-12-02,0.558,660,557,0.558,kept,linear
2016-12-05,0.632,768,619,0.632,kept,linear
2016-12-06,0.614,765,622,0.614,kept,linear
2016-12-07,0.65,1019,819,0.65,kept,linear
2016-12-08,0.608,866,687,0.608,kept,linear
2016-12-09,0.596,901,713,0.596,kept,linear
2016-12-12,0.542,926,727,0.542,kept,linear
2016-12-13,0.59,1015,795,0.59,kept,linear
2016-12-14,0.54,944,745,0.54,kept,linear
2016-12-15,0.78,869,689,0.78,kept,linear
2016-12-16,0.754,891,715,0.754,kept,linear
2016-12-19,0.79,906,708,0.79,kept,linear
2016-12-20,0.786,901,730,0.786,kept,linear
2016-12-21,0.77,773,626,0.77,kept,linear
2016-12-22,0.742,780,626,0.742,kept,linear
2016-12-23,0.708,654,552,0.708,kept,linear
2016-12-27,0.744,813,671,0.744,kept,linear
2016-12-28,0.712,948,775,0.712,kept,linear
2016-12-29,0.728,769,637,0.728,kept,linear
2016-12-30,0.758,965,781,0.758,kept,linear
2017-01-03,0.754,921,748,0.754,kept,linear
2017-01-04,0.732,903,744,0.732,kept,linear
2017-01-05,0.712,749,605,0.712,kept,linear
2017-01-06,0.726,892,730,0.726,kept,linear
2017-01-09,0.72,837,686,0.72,kept,linear
2017-01-10,0.736,909,746,0.736,kept,linear
2017-01-11,0.674,940,756,0.674,kept,linear
2017-01-12,0.732,870,709,0.732,kept,linear
2017-01-13,0.678,811,658,0.678,kept,linear
2017-01-17,0.686,930,730,0.686,kept,linear
2017-01-18,0.678,851,670,0.678,kept,linear
2017-01-19,0.77,815,672,0.77,kept,linear
2017-01-20,0.788,814,670,0.788,kept,linear
2017-01-23,0.806,869,701,0.806,kept,linear
2017-01-24,0.776,918,728,0.776,kept,linear
2017-01-25,0.78,985,770,0.78,kept,linear
2017-01-26,0.768,771,595,0.768,kept,linear
2017-01-27,0.706,817,658,0.706,kept,linear
2017-01-30,0.75,895,693,0.75,kept,linear
2017-01-31,0.726,832,641,0.726,kept,linear
2017-02-01,0.71,773,633,0.71,kept,linear
2017-02-02,0.7,646,514,0.7,kept,linear
2017-02-03,0.74,775,609,0.74,kept,linear
2017-02-06,0.684,744,598,0.684,kept,linear
2017-02-07,0.702,764,621,0.702,kept,linear
2017-02-08,0.648,741,618,0.648,kept,linear
2017-02-09,0.664,773,611,0.664,kept,linear
2017-02-10,0.68,777,593,0.68,kept,linear
2017-02-13,0.68,844,664,0.68,kept,linear
2017-02-14,0.648,867,687,0.648,kept,linear
2017-02-15,0.7,986,758,0.7,kept,linear
2017-02-16,0.678,871,695,0.678,kept,linear
2017-02-17,0.676,890,698,0.676,kept,linear
2017-02-21,0.676,1074,822,0.676,kept,linear
2017-02-22,0.656,1017,798,0.656,kept,linear
2017-02-23,0.69,914,710,0.69,kept,linear
2017-02-24,0.654,849,698,0.654,kept,linear
2017-02-27,0.606,947,741,0.606,kept,linear
2017-02-28,0.662,907,720,0.662,kept,linear
2017-03-01,0.654,1151,868,0.654,kept,linear
2017-03-02,0.62,868,671,0.62,kept,linear
2017-03-03,0.626,861,665,0.626,kept,linear
2017-03-06,0.614,864,674,0.614,kept,linear
2017-03-07,0.644,837,659,0.644,kept,linear
2017-03-08,0.63,842,712,0.63,kept,linear
2017-03-09,0.626,788,632,0.626,kept,linear
2017-03-10,0.604,759,603,0.604,kept,linear
2017-03-13,0.614,742,619,0.614,kept,linear
2017-03-14,0.6,920,721,0.6,kept,linear
2017-03-15,0.6,857,651,0.6,kept,linear
2017-03-16,0.598,835,641,0.598,kept,linear
2017-03-17,0.62,830,648,0.62,kept,linear
2017-03-20,0.576,812,620,0.576,kept,linear
2017-03-21,0.696,976,725,0.696,kept,linear
2017-03-22,0.694,913,700,0.694,kept,linear
2017-03-23,0.706,761,599,0.706,kept,linear
2017-03-24,0.622,734,586,0.622,kept,linear
2017-03-27,0.708,925,732,0.708,kept,linear
2017-03-28,0.75,993,772,0.75,kept,linear
2017-03-29,0.702,905,725,0.702,kept,linear
2017-03-30,0.658,828,643,0.658,kept,linear
2017-03-31,0.648,760,619,0.648,kept,linear
2017-04-03,0.756,940,731,0.756,kept,linear
2017-04-04,0.654,839,682,0.654,kept,linear
2017-04-05,0.694,1047,803,0.694,kept,linear
2017-04-06,0.642,725,595,0.642,kept,linear
2017-04-07,0.714,791,646,0.714,kept,linear
2017-04-10,0.692,901,712,0.692,kept,linear
2017-04-11,0.696,1061,820,0.696,kept,linear
2017-04-12,0.782,991,764,0.782,kept,linear
2017-04-13,0.624,931,730,0.624,kept,linear
2017-04-17,0.782,967,764,0.782,kept,linear
2017-04-18,0.778,968,744,0.778,kept,linear
2017-04-19,0.606,1024,779,0.606,kept,linear
2017-04-20,0.746,971,732,0.746,kept,linear
2017-04-21,0.612,877,672,0.612,kept,linear
2017-04-24,0.674,1104,837,0.674,kept,linear
2017-04-25,0.732,1183,913,0.732,kept,linear
2017-04-26,0.63,1123,873,0.63,kept,linear
2017-04-27,0.646,919,720,0.646,kept,linear
2017-04-28,0.642,966,751,0.642,kept,linear
2017-05-01,0.648,1001,773,0.648,kept,linear
2017-05-02,0.594,920,660,0.594,kept,linear
2017-05-03,0.618,1054,766,0.618,kept,linear
2017-05-04,0.614,930,642,0.614,kept,linear
2017-05-05,0.63,990,704,0.63,kept,linear
2017-05-08,0.622,1066,777,0.622,kept,linear
2017-05-09,0.656,1101,758,0.656,kept,linear
2017-05-10,0.582,1006,767,0.582,kept,linear
2017-05-11,0.62,1048,763,0.62,kept,linear
2017-05-12,0.596,1002,723,0.596,kept,linear
2017-05-15,0.612,1107,787,0.612,kept,linear
2017-05-16,0.596,1022,722,0.596,kept,linear
2017-05-17,0.626,1317,920,0.626,kept,linear
2017-05-18,0.622,1115,822,0.622,kept,linear
2017-05-19,0.562,1111,795,0.562,kept,linear
2017-05-22,0.554,1097,758,0.554,kept,linear
2017-05-23,0.586,1075,759,0.586,kept,linear
2017-05-24,0.626,1110,775,0.626,kept,linear
2017-05-25,0.578,1183,811,0.578,kept,linear
2017-05-26,0.558,960,716,0.558,kept,linear
2017-05-30,0.562,1015,726,0.562,kept,linear
2017-05-31,0.55,1131,813,0.55,kept,linear
2017-06-01,0.57,1158,777,0.57,kept,linear
2017-06-02,0.594,1229,857,0.594,kept,linear
2017-06-05,0.542,1116,768,0.542,kept,linear
2017-06-06,0.598,1052,742,0.598,kept,linear
2017-06-07,0.578,1009,722,0.578,kept,linear
2017-06-08,0.536,940,666,0.536,kept,linear
2017-06-09,0.536,1182,797,0.536,kept,linear
2017-06-12,0.526,1136,808,0.526,kept,linear
2017-06-13,0.524,1021,769,0.524,kept,linear
2017-06-14,0.518,1112,799,0.518,kept,linear
2017-06-15,0.732,1160,839,0.732,kept,linear
2017-06-16,0.668,1128,794,0.668,kept,linear
2017-06-19,0.704,1339,897,0.704,kept,linear
2017-06-20,0.694,1157,797,0.694,kept,linear
2017-06-21,0.682,1177,809,0.682,kept,linear
2017-06-22,0.736,911,678,0.736,kept,linear
2017-06-23,0.652,1025,742,0.652,kept,linear
2017-06-26,0.698,1155,772,0.698,kept,linear
2017-06-27,0.72,1301,817,0.72,kept,linear
2017-06-28,0.724,1182,852,0.724,kept,linear
2017-06-29,0.732,1345,880,0.732,kept,linear
2017-06-30,0.75,1202,825,0.75,kept,linear
2017-07-03,0.692,958,682,0.692,kept,linear
2017-07-05,0.738,972,710,0.738,kept,linear
2017-07-06,0.626,953,645,0.626,kept,linear
2017-07-07,0.65,1154,759,0.65,kept,linear
2017-07-10,0.66,1131,766,0.66,kept,linear
2017-07-11,0.646,1172,777,0.646,kept,linear
2017-07-12,0.722,1271,828,0.722,kept,linear
2017-07-13,0.718,1099,708,0.718,kept,linear
2017-07-14,0.656,1277,829,0.656,kept,linear
2017-07-17,0.648,1245,820,0.648,kept,linear
2017-07-18,0.664,1219,778,0.664,kept,linear
2017-07-19,0.666,1334,814,0.666,kept,linear
2017-07-20,0.614,1110,735,0.614,kept,linear
2017-07-21,0.62,1119,748,0.62,kept,linear
2017-07-24,0.616,1081,722,0.616,kept,linear
2017-07-25,0.694,1129,731,0.694,kept,linear
2017-07-26,0.638,1122,748,0.638,kept,linear
2017-07-27,0.6,1209,757,0.6,kept,linear
2017-07-28,0.622,1120,763,0.622,kept,linear
2017-07-31,0.684,1126,761,0.684,kept,linear
2017-08-01,0.64,1080,722,0.64,kept,linear
2017-08-02,0.672,1106,735,0.672,kept,linear
2017-08-03,0.596,967,634,0.596,kept,linear
2017-08-04,0.628,1027,667,0.628,kept,linear
2017-08-07,0.634,1014,703,0.634,kept,linear
2017-08-08,0.588,1181,764,0.588,kept,linear
2017-08-09,0.606,1288,827,0.606,kept,linear
2017-08-10,0.602,1271,815,0.602,kept,linear
2017-08-11,0.594,1241,803,0.594,kept,linear
2017-08-14,0.568,1294,813,0.568,kept,linear
2017-08-15,0.568,1126,749,0.568,kept,linear
2017-08-16,0.556,1158,778,0.556,kept,linear
2017-08-17,0.674,1174,786,0.674,kept,linear
2017-08-18,0.612,1207,786,0.612,kept,linear
2017-08-21,0.622,1148,767,0.622,kept,linear
2017-08-22,0.584,1139,766,0.584,kept,linear
2017-08-23,0.57,1127,805,0.57,kept,linear
2017-08-24,0.584,1005,714,0.584,kept,linear
2017-08-25,0.562,1032,708,0.562,kept,linear
2017-08-28,0.566,1076,754,0.566,kept,linear
2017-08-29,0.506,1076,749,0.506,kept,linear
2017-08-30,0.57,1147,796,0.57,kept,linear
2017-08-31,0.572,1210,795,0.572,kept,linear
2017-09-01,0.56,1206,789,0.56,kept,linear
2017-09-05,0.576,1256,812,0.576,kept,linear
2017-09-06,0.54,1239,809,0.54,kept,linear
2017-09-07,0.558,1078,756,0.558,kept,linear
2017-09-08,0.522,1119,769,0.522,kept,linear
2017-09-11,0.54,1366,892,0.54,kept,linear
2017-09-12,0.554,1305,888,0.554,kept,linear
2017-09-13,0.532,1307,889,0.532,kept,linear
2017-09-14,0.52,1090,757,0.52,kept,linear
2017-09-15,0.464,1239,822,0.464,kept,linear
2017-09-18,0.534,1360,873,0.534,kept,linear
2017-09-19,0.578,1197,795,0.578,kept,linear
2017-09-20,0.566,1388,859,0.566,kept,linear
2017-09-21,0.694,1186,802,0.694,kept,linear
2017-09-22,0.648,1170,789,0.648,kept,linear
2017-09-25,0.76,1298,892,0.76,kept,linear
2017-09-26,0.664,1151,801,0.664,kept,linear
2017-09-27,0.788,1363,926,0.788,kept,linear
2017-09-28,0.682,1136,772,0.682,kept,linear
2017-09-29,0.756,1436,937,0.756,kept,linear
2017-10-02,0.656,1330,865,0.656,kept,linear
2017-10-03,0.766,1211,803,0.766,kept,linear
2017-10-04,0.674,1367,893,0.674,kept,linear
2017-10-05,0.646,1358,880,0.646,kept,linear
2017-10-06,0.72,1220,835,0.72,kept,linear
2017-10-10,0.742,1154,759,0.742,kept,linear
2017-10-11,0.72,1208,806,0.72,kept,linear
2017-10-12,0.66,1149,722,0.66,kept,linear
2017-10-13,0.722,1158,767,0.722,kept,linear
2017-10-16,0.646,1219,801,0.646,kept,linear
2017-10-17,0.652,1106,728,0.652,kept,linear
2017-10-18,0.686,1320,845,0.686,kept,linear
2017-10-19,0.6,1115,765,0.6,kept,linear
2017-10-20,0.662,1285,856,0.662,kept,linear
2017-10-23,0.642,1219,817,0.642,kept,linear
2017-10-24,0.688,1115,753,0.688,kept,linear
2017-10-25,0.638,1367,897,0.638,kept,linear
2017-10-26,0.62,974,664,0.62,kept,linear
2017-10-27,0.624,1151,759,0.624,kept,linear
2017-10-30,0.648,1159,778,0.648,kept,linear
2017-10-31,0.732,1093,727,0.732,kept,linear
2017-11-01,0.62,1115,736,0.62,kept,linear
2017-11-02,0.602,1002,650,0.602,kept,linear
2017-11-03,0.56,1063,708,0.56,kept,linear
2017-11-06,0.634,1109,734,0.634,kept,linear
2017-11-07,0.666,1150,772,0.666,kept,linear
2017-11-08,0.636,1125,767,0.636,kept,linear
2017-11-09,0.646,1261,841,0.646,kept,linear
2017-11-10,0.614,1126,784,0.614,kept,linear
2017-11-13,0.62,1151,783,0.62,kept,linear
2017-11-14,0.618,1228,828,0.618,kept,linear
2017-11-15,0.612,1384,943,0.612,kept,linear
2017-11-16,0.63,1042,810,0.63,kept,linear
2017-11-17,0.622,1137,833,0.622,kept,linear
2017-11-20,0.594,1124,786,0.594,kept,linear
2017-11-21,0.602,1272,849,0.602,kept,linear
2017-11-22,0.592,1114,807,0.592,kept,linear
2017-11-24,0.502,902,630,0.502,kept,linear
2017-11-27,0.592,1093,771,0.592,kept,linear
2017-11-28,0.544,1257,816,0.544,kept,linear
2017-11-29,0.544,1300,855,0.544,kept,linear
2017-11-30,0.532,1117,766,0.532,kept,linear
2017-12-01,0.538,1301,843,0.538,kept,linear
2017-12-04,0.546,1242,824,0.546,kept,linear
2017-12-05,0.578,1107,742,0.578,kept,linear
2017-12-06,0.49,1125,773,0.49,kept,linear
2017-12-07,0.554,1008,691,0.554,kept,linear
2017-12-08,0.508,1136,783,0.508,kept,linear
2017-12-11,0.518,1250,822,0.518,kept,linear
2017-12-12,0.512,1238,803,0.512,kept,linear
2017-12-13,0.514,1228,802,0.514,kept,linear
2017-12-14,0.506,1156,781,0.506,kept,linear
2017-12-15,0.528,1323,854,0.528,kept,linear
2017-12-18,0.546,1446,906,0.546,kept,linear
2017-12-19,0.524,1292,823,0.524,kept,linear
2017-12-20,0.466,1165,784,0.466,kept,linear
2017-12-21,0.754,1101,760,0.754,kept,linear
2017-12-22,0.652,1097,762,0.652,kept,linear
2017-12-26,0.68,997,696,0.68,kept,linear
2017-12-27,0.642,1118,790,0.642,kept,linear
2017-12-28,0.74,953,670,0.74,kept,linear
2017-12-29,0.688,1070,741,0.688,kept,linear
2018-01-02,0.782,1160,716,0.782,kept,linear
2018-01-03,0.728,1179,778,0.728,kept,linear
2018-01-04,0.724,1232,780,0.724,kept,linear
2018-01-05,0.716,1311,811,0.716,kept,linear
2018-01-08,0.712,1348,854,0.712,kept,linear
2018-01-09,0.724,1329,881,0.724,kept,linear
2018-01-10,0.7,1427,895,0.7,kept,linear
2018-01-11,0.732,1363,828,0.732,kept,linear
2018-01-12,0.718,1490,912,0.718,kept,linear
2018-01-16,0.708,1638,935,0.708,kept,linear
2018-01-17,0.772,1625,961,0.772,kept,linear
2018-01-18,0.734,1342,862,0.734,kept,linear
2018-01-19,0.768,1355,890,0.768,kept,linear
2018-01-22,0.722,1441,928,0.722,kept,linear
2018-01-23,0.734,1480,943,0.734,kept,linear
2018-01-24,0.758,1614,1008,0.758,kept,linear
2018-01-25,0.728,1363,884,0.728,kept,linear
2018-01-26,0.786,1506,955,0.786,kept,linear
2018-01-29,0.772,1612,1016,0.772,kept,linear
2018-01-30,0.754,1583,983,0.754,kept,linear
2018-01-31,0.754,1427,926,0.754,kept,linear
2018-02-01,0.712,1216,773,0.712,kept,linear
2018-02-02,0.728,1623,994,0.728,kept,linear
2018-02-05,0.742,1668,1048,0.742,kept,linear
2018-02-06,0.688,1701,1035,0.688,kept,linear
2018-02-07,0.778,1709,1101,0.778,kept,linear
2018-02-08,0.712,1597,989,0.712,kept,linear
2018-02-09,0.706,1592,1017,0.706,kept,linear
2018-02-12,0.714,1697,1008,0.714,kept,linear
2018-02-13,0.71,1370,850,0.71,kept,linear
2018-02-14,0.686,1497,967,0.686,kept,linear
2018-02-15,0.674,1182,846,0.674,kept,linear
2018-02-16,0.704,1330,921,0.704,kept,linear
2018-02-20,0.7,1148,836,0.7,kept,linear
2018-02-21,0.722,1273,904,0.722,kept,linear
2018-02-22,0.686,1046,771,0.686,kept,linear
2018-02-23,0.644,1112,796,0.644,kept,linear
2018-02-26,0.66,1491,969,0.66,kept,linear
2018-02-27,0.652,1441,952,0.652,kept,linear
2018-02-28,0.638,1267,832,0.638,kept,linear
2018-03-01,0.666,1436,934,0.666,kept,linear
2018-03-02,0.658,1400,932,0.658,kept,linear
2018-03-05,0.652,1358,912,0.652,kept,linear
2018-03-06,0.678,1220,849,0.678,kept,linear
2018-03-07,0.634,1265,862,0.634,kept,linear
2018-03-08,0.648,1108,779,0.648,kept,linear
2018-03-09,0.702,1486,928,0.702,kept,linear
2018-03-12,0.698,1554,1008,0.698,kept,linear
2018-03-13,0.632,1684,1093,0.632,kept,linear
2018-03-14,0.612,1522,1076,0.612,kept,linear
2018-03-15,0.774,1418,974,0.774,kept,linear
2018-03-16,0.75,1430,977,0.75,kept,linear
2018-03-19,0.81,1774,1141,0.81,kept,linear
2018-03-20,0.768,1383,946,0.768,kept,linear
2018-03-21,0.672,1454,990,0.672,kept,linear
2018-03-22,0.744,1617,1097,0.744,kept,linear
2018-03-23,0.768,1600,1046,0.768,kept,linear
2018-03-26,0.76,1764,1196,0.76,kept,linear
2018-03-27,0.74,1473,1007,0.74,kept,linear
2018-03-28,0.758,1439,1042,0.758,kept,linear
2018-03-29,0.756,1351,923,0.756,kept,linear
2018-04-02,0.738,1651,1069,0.738,kept,linear
2018-04-03,0.734,1427,932,0.734,kept,linear
2018-04-04,0.7,1487,1010,0.7,kept,linear
2018-04-05,0.73,1322,889,0.73,kept,linear
2018-04-06,0.76,1470,951,0.76,kept,linear
2018-04-09,0.712,1360,937,0.712,kept,linear
2018-04-10,0.732,1329,904,0.732,kept,linear
2018-04-11,0.748,1319,909,0.748,kept,linear
2018-04-12,0.71,1334,877,0.71,kept,linear
2018-04-13,0.682,1488,957,0.682,kept,linear
2018-04-16,0.724,1644,1046,0.724,kept,linear
2018-04-17,0.69,1766,1101,0.69,kept,linear
2018-04-18,0.648,1533,1006,0.648,kept,linear
2018-04-19,0.618,1377,988,0.618,kept,linear
2018-04-20,0.7,1495,1024,0.7,kept,linear
2018-04-23,0.644,1434,1013,0.644,kept,linear
2018-04-24,0.684,1705,1117,0.684,kept,linear
2018-04-25,0.688,1513,1058,0.688,kept,linear
2018-04-26,0.648,1330,907,0.648,kept,linear
2018-04-27,0.648,1217,843,0.648,kept,linear
2018-04-30,0.714,1359,990,0.714,kept,linear
2018-05-01,0.686,1485,1021,0.686,kept,linear
2018-05-02,0.688,1338,928,0.688,kept,linear
2018-05-03,0.678,1458,945,0.678,kept,linear
2018-05-04,0.676,1387,941,0.676,kept,linear
2018-05-07,0.634,1441,999,0.634,kept,linear
2018-05-08,0.67,1292,879,0.67,kept,linear
2018-05-09,0.688,1545,1066,0.688,kept,linear
2018-05-10,0.646,1527,1017,0.646,kept,linear
2018-05-11,0.642,1362,968,0.642,kept,linear
2018-05-14,0.648,1461,992,0.648,kept,linear
2018-05-15,0.678,1460,985,0.678,kept,linear
2018-05-16,0.636,1348,944,0.636,kept,linear
2018-05-17,0.596,1013,769,0.596,kept,linear
2018-05-18,0.604,1072,814,0.604,kept,linear
2018-05-21,0.616,1272,927,0.616,kept,linear
2018-05-22,0.592,1263,910,0.592,kept,linear
2018-05-23,0.606,1317,954,0.606,kept,linear
2018-05-24,0.604,1161,872,0.604,kept,linear
2018-05-25,0.57,1034,773,0.57,kept,linear
2018-05-29,0.61,1526,1015,0.61,kept,linear
2018-05-30,0.596,1314,941,0.596,kept,linear
2018-05-31,0.56,1120,830,0.56,kept,linear
2018-06-01,0.628,1356,997,0.628,kept,linear
2018-06-04,0.578,1289,909,0.578,kept,linear
2018-06-05,0.548,1296,948,0.548,kept,linear
2018-06-06,0.594,1540,1100,0.594,kept,linear
2018-06-07,0.568,1275,910,0.568,kept,linear
2018-06-08,0.546,1146,801,0.546,kept,linear
2018-06-11,0.554,1383,956,0.554,kept,linear
2018-06-12,0.556,1193,853,0.556,kept,linear
2018-06-13,0.56,1322,934,0.56,kept,linear
2018-06-14,0.558,1164,848,0.558,kept,linear
2018-06-15,0.546,1411,976,0.546,kept,linear
2018-06-18,0.568,1357,935,0.568,kept,linear
2018-06-19,0.56,1482,984,0.56,kept,linear
2018-06-20,0.532,1279,893,0.532,kept,linear
2018-06-21,0.782,1276,944,0.782,kept,linear
2018-06-22,0.746,1090,833,0.746,kept,linear
2018-06-25,0.722,1572,1043,0.722,kept,linear
2018-06-26,0.804,1355,998,0.804,kept,linear
2018-06-27,0.754,1571,1131,0.754,kept,linear
2018-06-28,0.744,1394,994,0.744,kept,linear
2018-06-29,0.762,1367,961,0.762,kept,linear
2018-07-02,0.76,1313,895,0.76,kept,linear
2018-07-03,0.758,1070,755,0.758,kept,linear
2018-07-05,0.718,1115,797,0.718,kept,linear
2018-07-06,0.722,1363,926,0.722,kept,linear
2018-07-09,0.758,1412,1007,0.758,kept,linear
2018-07-10,0.806,1397,959,0.806,kept,linear
2018-07-11,0.718,1379,978,0.718,kept,linear
2018-07-12,0.736,1265,871,0.736,kept,linear
2018-07-13,0.678,1250,861,0.678,kept,linear
2018-07-16,0.676,1300,893,0.676,kept,linear
2018-07-17,0.688,1417,945,0.688,kept,linear
2018-07-18,0.674,1398,962,0.674,kept,linear
2018-07-19,0.652,1118,845,0.652,kept,linear
2018-07-20,0.7,1061,826,0.7,kept,linear
2018-07-23,0.7,1079,833,0.7,kept,linear
2018-07-24,0.688,1312,926,0.688,kept,linear
2018-07-25,0.672,1400,1010,0.672,kept,linear
2018-07-26,0.708,1177,859,0.708,kept,linear
2018-07-27,0.692,1349,983,0.692,kept,linear
2018-07-30,0.684,1295,936,0.684,kept,linear
2018-07-31,0.654,1150,829,0.654,kept,linear
2018-08-01,0.632,1179,865,0.632,kept,linear
2018-08-02,0.618,1105,785,0.618,kept,linear
2018-08-03,0.626,1238,885,0.626,kept,linear
2018-08-06,0.668,1348,947,0.668,kept,linear
2018-08-07,0.654,1404,995,0.654,kept,linear
2018-08-08,0.602,1274,916,0.602,kept,linear
2018-08-09,0.662,1090,786,0.662,kept,linear
2018-08-10,0.634,1462,1060,0.634,kept,linear
2018-08-13,0.638,1502,1058,0.638,kept,linear
2018-08-14,0.648,1172,820,0.648,kept,linear
2018-08-15,0.646,1689,1166,0.646,kept,linear
2018-08-16,0.656,1312,952,0.656,kept,linear
2018-08-17,0.612,1334,918,0.612,kept,linear
2018-08-20,0.622,1337,900,0.622,kept,linear
2018-08-21,0.64,1518,998,0.64,kept,linear
2018-08-22,0.58,1270,891,0.58,kept,linear
2018-08-23,0.582,1046,821,0.582,kept,linear
2018-08-24,0.596,1197,887,0.596,kept,linear
2018-08-27,0.624,1469,1077,0.624,kept,linear
2018-08-28,0.632,1285,953,0.632,kept,linear
2018-08-29,0.64,1495,1067,0.64,kept,linear
2018-08-30,0.608,1292,961,0.608,kept,linear
2018-08-31,0.576,1217,882,0.576,kept,linear
2018-09-04,0.61,1235,899,0.61,kept,linear
2018-09-05,0.608,1402,1013,0.608,kept,linear
2018-09-06,0.582,1303,956,0.582,kept,linear
2018-09-07,0.588,1248,906,0.588,kept,linear
2018-09-10,0.56,1207,900,0.56,kept,linear
2018-09-11,0.578,1306,941,0.578,kept,linear
2018-09-12,0.532,1414,997,0.532,kept,linear
2018-09-13,0.564,1303,932,0.564,kept,linear
2018-09-14,0.548,1367,967,0.548,kept,linear
2018-09-17,0.58,1535,1073,0.58,kept,linear
2018-09-18,0.582,1449,1004,0.582,kept,linear
2018-09-19,0.566,1373,955,0.566,kept,linear
2018-09-20,0.806,1519,1075,0.806,kept,linear
2018-09-21,0.778,1343,980,0.778,kept,linear
2018-09-24,0.744,1267,957,0.744,kept,linear
2018-09-25,0.748,1154,902,0.748,kept,linear
2018-09-26,0.73,1292,983,0.73,kept,linear
2018-09-27,0.724,1142,856,0.724,kept,linear
2018-09-28,0.738,1142,836,0.738,kept,linear
2018-10-01,0.734,1332,938,0.734,kept,linear
2018-10-02,0.756,1171,814,0.756,kept,linear
2018-10-03,0.768,1317,946,0.768,kept,linear
2018-10-04,0.744,1439,993,0.744,kept,linear
2018-10-05,0.774,1482,1040,0.774,kept,linear
2018-10-09,0.762,1251,924,0.762,kept,linear
2018-10-10,0.814,1847,1183,0.814,kept,linear
2018-10-11,0.808,1866,1155,0.808,kept,linear
2018-10-12,0.724,1562,1034,0.724,kept,linear
2018-10-15,0.744,1513,1007,0.744,kept,linear
2018-10-16,0.724,1664,1070,0.724,kept,linear
2018-10-17,0.75,1548,1011,0.75,kept,linear
2018-10-18,0.736,1295,905,0.736,kept,linear
2018-10-19,0.72,1225,868,0.72,kept,linear
2018-10-22,0.73,1218,865,0.73,kept,linear
2018-10-23,0.746,1689,1122,0.746,kept,linear
2018-10-24,0.76,1733,1167,0.76,kept,linear
2018-10-25,0.746,1485,990,0.746,kept,linear
2018-10-26,0.734,1666,1103,0.734,kept,linear
2018-10-29,0.738,1601,1051,0.738,kept,linear
2018-10-30,0.702,1380,944,0.702,kept,linear
2018-10-31,0.738,1549,1052,0.738,kept,linear
2018-11-01,0.676,1223,854,0.676,kept,linear
2018-11-02,0.712,1250,872,0.712,kept,linear
2018-11-05,0.72,1097,778,0.72,kept,linear
2018-11-06,0.694,1095,769,0.694,kept,linear
2018-11-07,0.662,1659,1099,0.662,kept,linear
2018-11-08,0.708,1147,830,0.708,kept,linear
2018-11-09,0.668,1372,932,0.668,kept,linear
2018-11-13,0.728,1397,932,0.728,kept,linear
2018-11-14,0.68,1520,1050,0.68,kept,linear
2018-11-15,0.706,1440,961,0.706,kept,linear
2018-11-16,0.574,1271,883,0.574,kept,linear
2018-11-19,0.688,1519,1017,0.688,kept,linear
2018-11-20,0.704,1770,1132,0.704,kept,linear
2018-11-21,0.684,1443,947,0.684,kept,linear
2018-11-23,0.604,878,678,0.604,kept,linear
2018-11-26,0.676,1257,932,0.676,kept,linear
2018-11-27,0.642,1128,869,0.642,kept,linear
2018-11-28,0.666,1557,1115,0.666,kept,linear
2018-11-29,0.626,1085,783,0.626,kept,linear
2018-11-30,0.642,1135,831,0.642,kept,linear
2018-12-03,0.664,1350,934,0.664,kept,linear
2018-12-04,0.632,1430,971,0.632,kept,linear
2018-12-06,0.636,1356,921,0.636,kept,linear
2018-12-07,0.652,1436,968,0.652,kept,linear
2018-12-10,0.63,1714,1104,0.63,kept,linear
2018-12-11,0.612,1353,913,0.612,kept,linear
2018-12-12,0.59,1363,953,0.59,kept,linear
2018-12-13,0.608,1126,776,0.608,kept,linear
2018-12-14,0.614,1505,986,0.614,kept,linear
2018-12-17,0.608,1837,1124,0.608,kept,linear
2018-12-18,0.642,1686,1027,0.642,kept,linear
2018-12-20,0.874,1783,1161,0.874,kept,linear
2018-12-21,0.828,1665,1121,0.828,kept,linear
2018-12-26,0.828,1914,1239,0.828,kept,linear
2018-12-27,0.826,1653,1101,0.826,kept,linear
2018-12-28,0.826,1566,1051,0.826,kept,linear
2018-12-31,0.81,1466,984,0.81,kept,linear
2019-01-02,0.8,1399,926,0.8,kept,linear
2019-01-03,0.822,1423,939,0.822,kept,linear
2019-01-04,0.828,1544,1003,0.828,kept,linear
2019-01-07,0.826,1606,1028,0.826,kept,linear
2019-01-08,0.826,1470,971,0.826,kept,linear
2019-01-09,0.798,1428,966,0.798,kept,linear
2019-01-10,0.816,1215,799,0.816,kept,linear
2019-01-11,0.806,1247,833,0.806,kept,linear
2019-01-14,0.748,1297,879,0.748,kept,linear
2019-01-15,0.802,1493,964,0.802,kept,linear
2019-01-16,0.798,1551,1001,0.798,kept,linear
2019-01-17,0.832,1199,857,0.832,kept,linear
2019-01-18,0.808,1526,1035,0.808,kept,linear
2019-01-22,0.792,1425,1000,0.792,kept,linear
2019-01-23,0.812,1282,960,0.812,kept,linear
2019-01-24,0.808,1067,795,0.808,kept,linear
2019-01-25,0.764,1317,929,0.764,kept,linear
2019-01-28,0.804,1212,860,0.804,kept,linear
2019-01-29,0.796,1010,732,0.796,kept,linear
2019-01-30,0.802,1254,865,0.802,kept,linear
2019-01-31,0.79,1333,914,0.79,kept,linear
2019-02-01,0.794,1280,902,0.794,kept,linear
2019-02-04,0.754,1315,915,0.754,kept,linear
2019-02-05,0.76,1441,980,0.76,kept,linear
2019-02-06,0.782,1234,916,0.782,kept,linear
2019-02-07,0.742,1444,1000,0.742,kept,linear
2019-02-08,0.75,1275,886,0.75,kept,linear
2019-02-11,0.74,1233,858,0.74,kept,linear
2019-02-12,0.738,1493,974,0.738,kept,linear
2019-02-13,0.76,1548,1049,0.76,kept,linear
2019-02-14,0.728,957,726,0.728,kept,linear
2019-02-15,0.728,1253,917,0.728,kept,linear
2019-02-19,0.748,1290,912,0.748,kept,linear
2019-02-20,0.748,1141,852,0.748,kept,linear
2019-02-21,0.728,1140,837,0.728,kept,linear
2019-02-22,0.656,1236,871,0.656,kept,linear
2019-02-25,0.708,1412,986,0.708,kept,linear
2019-02-26,0.686,1198,873,0.686,kept,linear
2019-02-27,0.69,1191,893,0.69,kept,linear
2019-02-28,0.686,962,709,0.686,kept,linear
2019-03-01,0.668,1229,863,0.668,kept,linear
2019-03-04,0.678,1536,1048,0.678,kept,linear
2019-03-05,0.688,1184,871,0.688,kept,linear
2019-03-06,0.678,1429,1015,0.678,kept,linear
2019-03-07,0.692,1546,1030,0.692,kept,linear
2019-03-08,0.708,1582,1054,0.708,kept,linear
2019-03-11,0.718,1542,1050,0.718,kept,linear
2019-03-12,0.666,1519,1057,0.666,kept,linear
2019-03-13,0.64,1705,1182,0.64,kept,linear
2019-03-14,0.63,1211,876,0.63,kept,linear
2019-03-15,0.658,1617,1050,0.658,kept,linear
2019-03-18,0.652,1662,1100,0.652,kept,linear
2019-03-19,0.656,1757,1160,0.656,kept,linear
2019-03-20,0.636,1310,936,0.636,kept,linear
2019-03-21,0.812,1346,962,0.812,kept,linear
2019-03-22,0.748,1598,1122,0.748,kept,linear
2019-03-25,0.786,1536,1075,0.786,kept,linear
2019-03-26,0.774,1387,979,0.774,kept,linear
2019-03-27,0.792,1514,1095,0.792,kept,linear
2019-03-28,0.746,1186,851,0.746,kept,linear
2019-03-29,0.764,1444,1028,0.764,kept,linear
2019-04-01,0.81,1505,1050,0.81,kept,linear
2019-04-02,0.776,1282,874,0.776,kept,linear
2019-04-03,0.732,1569,1068,0.732,kept,linear
2019-04-04,0.74,1111,756,0.74,kept,linear
2019-04-05,0.728,1296,885,0.728,kept,linear
2019-04-08,0.762,1286,871,0.762,kept,linear
2019-04-09,0.758,1338,963,0.758,kept,linear
2019-04-10,0.738,1172,857,0.738,kept,linear
2019-04-11,0.746,1141,781,0.746,kept,linear
2019-04-12,0.73,1388,915,0.73,kept,linear
2019-04-15,0.74,1284,893,0.74,kept,linear
2019-04-16,0.742,1422,974,0.742,kept,linear
2019-04-17,0.732,1359,912,0.732,kept,linear
2019-04-18,0.744,1117,817,0.744,kept,linear
2019-04-22,0.702,1031,782,0.702,kept,linear
2019-04-23,0.718,1424,1005,0.718,kept,linear
2019-04-24,0.712,1193,901,0.712,kept,linear
2019-04-25,0.742,1140,819,0.742,kept,linear
2019-04-26,0.748,1176,822,0.748,kept,linear
2019-04-29,0.736,1373,972,0.736,kept,linear
2019-04-30,0.726,1284,937,0.726,kept,linear
2019-05-01,0.74,1363,988,0.74,kept,linear
2019-05-02,0.698,1364,937,0.698,kept,linear
2019-05-03,0.72,1241,875,0.72,kept,linear
2019-05-06,0.728,1416,991,0.728,kept,linear
2019-05-07,0.686,1748,1157,0.686,kept,linear
2019-05-08,0.69,1509,1055,0.69,kept,linear
2019-05-09,0.66,1514,1031,0.66,kept,linear
2019-05-10,0.694,1459,1019,0.694,kept,linear
2019-05-13,0.718,1780,1157,0.718,kept,linear
2019-05-14,0.662,1579,1063,0.662,kept,linear
2019-05-15,0.686,1486,1027,0.686,kept,linear
2019-05-16,0.684,1505,1020,0.684,kept,linear
2019-05-17,0.626,1409,929,0.626,kept,linear
2019-05-20,0.684,1425,940,0.684,kept,linear
2019-05-21,0.662,1294,888,0.662,kept,linear
2019-05-22,0.692,1329,922,0.692,kept,linear
2019-05-23,0.684,1402,992,0.684,kept,linear
2019-05-24,0.636,1098,831,0.636,kept,linear
2019-05-28,0.672,1380,991,0.672,kept,linear
2019-05-29,0.674,1799,1272,0.674,kept,linear
2019-05-30,0.652,1361,999,0.652,kept,linear
2019-05-31,0.656,1729,1231,0.656,kept,linear
2019-06-03,0.672,1810,1248,0.672,kept,linear
2019-06-04,0.656,1782,1215,0.656,kept,linear
2019-06-05,0.624,1760,1259,0.624,kept,linear
2019-06-06,0.658,1611,1131,0.658,kept,linear
2019-06-07,0.632,1923,1308,0.632,kept,linear
2019-06-10,0.63,1771,1218,0.63,kept,linear
2019-06-11,0.608,1581,1101,0.608,kept,linear
2019-06-12,0.618,1391,1025,0.618,kept,linear
2019-06-13,0.604,1204,899,0.604,kept,linear
2019-06-14,0.58,1384,1015,0.58,kept,linear
2019-06-17,0.586,1442,1031,0.586,kept,linear
2019-06-18,0.578,1794,1179,0.578,kept,linear
2019-06-19,0.606,1614,1083,0.606,kept,linear
2019-06-20,0.814,1772,1253,0.814,kept,linear
2019-06-21,0.778,1615,1185,0.778,kept,linear
2019-06-24,0.792,1380,1059,0.792,kept,linear
2019-06-25,0.776,1719,1211,0.776,kept,linear
2019-06-26,0.744,1434,1085,0.744,kept,linear
2019-06-27,0.79,1213,935,0.79,kept,linear
2019-06-28,0.77,1419,1040,0.77,kept,linear
2019-07-01,0.762,1731,1241,0.762,kept,linear
2019-07-02,0.782,1483,1037,0.782,kept,linear
2019-07-03,0.742,1486,1065,0.742,kept,linear
2019-07-05,0.75,1412,1015,0.75,kept,linear
2019-07-08,0.76,1476,1073,0.76,kept,linear
2019-07-09,0.756,1307,964,0.756,kept,linear
2019-07-10,0.748,1556,1086,0.748,kept,linear
2019-07-11,0.736,1360,990,0.736,kept,linear
2019-07-12,0.748,1521,1066,0.748,kept,linear
2019-07-15,0.76,1509,1059,0.76,kept,linear
2019-07-16,0.764,1503,1025,0.764,kept,linear
2019-07-17,0.742,1529,1079,0.742,kept,linear
2019-07-18,0.72,1297,984,0.72,kept,linear
2019-07-19,0.718,1434,1070,0.718,kept,linear
2019-07-22,0.706,1261,980,0.706,kept,linear
2019-07-23,0.696,1302,975,0.696,kept,linear
2019-07-24,0.714,1421,1034,0.714,kept,linear
2019-07-25,0.69,1434,1003,0.69,kept,linear
2019-07-26,0.678,1313,944,0.678,kept,linear
2019-07-29,0.706,1317,967,0.706,kept,linear
2019-07-30,0.7,1385,1013,0.7,kept,linear
2019-07-31,0.718,1685,1164,0.718,kept,linear
2019-08-01,0.696,1694,1125,0.696,kept,linear
2019-08-02,0.716,1902,1259,0.716,kept,linear
2019-08-05,0.76,2166,1399,0.76,kept,linear
2019-08-06,0.692,1782,1194,0.692,kept,linear
2019-08-07,0.714,1833,1263,0.714,kept,linear
2019-08-08,0.68,1652,1152,0.68,kept,linear
2019-08-09,0.694,1621,1115,0.694,kept,linear
2019-08-12,0.694,1701,1182,0.694,kept,linear
2019-08-13,0.698,1756,1198,0.698,kept,linear
2019-08-14,0.696,2019,1373,0.696,kept,linear
2019-08-15,0.704,1663,1141,0.704,kept,linear
2019-08-16,0.7,1700,1171,0.7,kept,linear
2019-08-19,0.672,1776,1236,0.672,kept,linear
2019-08-20,0.65,1509,1045,0.65,kept,linear
2019-08-21,0.67,1621,1132,0.67,kept,linear
2019-08-22,0.698,1341,1011,0.698,kept,linear
2019-08-23,0.708,1745,1232,0.708,kept,linear
2019-08-26,0.66,1637,1216,0.66,kept,linear
2019-08-27,0.662,1550,1141,0.662,kept,linear
2019-08-28,0.65,1571,1169,0.65,kept,linear
2019-08-29,0.654,1491,1076,0.654,kept,linear
2019-08-30,0.638,1384,1029,0.638,kept,linear
2019-09-03,0.636,1313,952,0.636,kept,linear
2019-09-04,0.642,1392,1009,0.642,kept,linear
2019-09-05,0.638,1531,1052,0.638,kept,linear
2019-09-06,0.614,1421,991,0.614,kept,linear
2019-09-09,0.596,1405,1019,0.596,kept,linear
2019-09-10,0.604,1377,994,0.604,kept,linear
2019-09-11,0.584,1684,1179,0.584,kept,linear
2019-09-12,0.598,1646,1101,0.598,kept,linear
2019-09-13,0.6,1471,1038,0.6,kept,linear
2019-09-16,0.588,1535,1115,0.588,kept,linear
2019-09-17,0.6,1367,968,0.6,kept,linear
2019-09-18,0.592,1611,1115,0.592,kept,linear
2019-09-19,0.818,1430,1061,0.818,kept,linear
2019-09-20,0.774,1451,1085,0.774,kept,linear
2019-09-23,0.756,1429,1086,0.756,kept,linear
2019-09-24,0.786,1731,1229,0.786,kept,linear
2019-09-25,0.76,1603,1189,0.76,kept,linear
2019-09-26,0.76,1285,960,0.76,kept,linear
2019-09-27,0.788,1617,1151,0.788,kept,linear
2019-09-30,0.742,1439,1064,0.742,kept,linear
2019-10-01,0.854,1728,1215,0.854,kept,linear
2019-10-02,0.812,1917,1283,0.812,kept,linear
2019-10-03,0.788,1628,1113,0.788,kept,linear
2019-10-04,0.762,1705,1169,0.762,kept,linear
2019-10-07,0.804,1452,1056,0.804,kept,linear
2019-10-08,0.79,1397,967,0.79,kept,linear
2019-10-09,0.754,1368,1018,0.754,kept,linear
2019-10-10,0.774,1436,1038,0.774,kept,linear
2019-10-11,0.75,1299,944,0.75,kept,linear
2019-10-15,0.732,1698,1166,0.732,kept,linear
2019-10-16,0.766,1583,1128,0.766,kept,linear
2019-10-17,0.732,1300,1034,0.732,kept,linear
2019-10-18,0.734,1328,1036,0.734,kept,linear
2019-10-21,0.758,1339,1032,0.758,kept,linear
2019-10-22,0.738,1352,1018,0.738,kept,linear
2019-10-23,0.758,1274,980,0.758,kept,linear
2019-10-24,0.786,1201,930,0.786,kept,linear
2019-10-25,0.792,1493,1084,0.792,kept,linear
2019-10-28,0.762,1542,1117,0.762,kept,linear
2019-10-29,0.778,1368,1019,0.778,kept,linear
2019-10-30,0.754,1405,1045,0.754,kept,linear
2019-10-31,0.746,1335,957,0.746,kept,linear
2019-11-01,0.734,1607,1124,0.734,kept,linear
2019-11-04,0.734,1656,1147,0.734,kept,linear
2019-11-05,0.726,1359,997,0.726,kept,linear
2019-11-06,0.718,1366,974,0.718,kept,linear
2019-11-07,0.71,1462,1040,0.71,kept,linear
2019-11-08,0.696,1393,1005,0.696,kept,linear
2019-11-12,0.692,1476,1064,0.692,kept,linear
2019-11-13,0.706,1471,1072,0.706,kept,linear
2019-11-14,0.696,1326,960,0.696,kept,linear
2019-11-15,0.718,1772,1218,0.718,kept,linear
2019-11-18,0.648,1663,1147,0.648,kept,linear
2019-11-19,0.68,1515,1053,0.68,kept,linear
2019-11-20,0.676,1625,1139,0.676,kept,linear
2019-11-21,0.782,1288,1013,0.782,kept,linear
2019-11-22,0.762,1264,986,0.762,kept,linear
2019-11-25,0.778,1539,1153,0.778,kept,linear
2019-11-26,0.72,1467,1070,0.72,kept,linear
2019-11-27,0.728,1716,1265,0.728,kept,linear
2019-11-29,0.72,1185,897,0.72,kept,linear
2019-12-02,0.716,1539,1087,0.716,kept,linear
2019-12-03,0.734,1726,1203,0.734,kept,linear
2019-12-04,0.736,1449,1082,0.736,kept,linear
2019-12-05,0.732,1120,842,0.732,kept,linear
2019-12-06,0.752,1557,1114,0.752,kept,linear
2019-12-09,0.732,1438,1075,0.732,kept,linear
2019-12-10,0.698,1291,957,0.698,kept,linear
2019-12-11,0.722,1318,1002,0.722,kept,linear
2019-12-12,0.72,1641,1151,0.72,kept,linear
2019-12-13,0.692,1615,1152,0.692,kept,linear
2019-12-16,0.708,1962,1351,0.708,kept,linear
2019-12-17,0.684,1547,1085,0.684,kept,linear
2019-12-18,0.628,1692,1204,0.628,kept,linear
2019-12-19,0.798,1490,1134,0.798,kept,linear
2019-12-20,0.778,1694,1249,0.778,kept,linear
2019-12-23,0.782,1490,1090,0.782,kept,linear
2019-12-24,0.752,1022,796,0.752,kept,linear
2019-12-26,0.746,1379,1026,0.746,kept,linear
2019-12-27,0.762,1580,1143,0.762,kept,linear
2019-12-30,0.792,1727,1256,0.792,kept,linear
2019-12-31,0.766,1613,1181,0.766,kept,linear
2020-01-02,0.734,1622,1142,0.734,kept,linear
2020-01-03,0.768,1654,1220,0.768,kept,linear
2020-01-06,0.72,1660,1216,0.72,kept,linear
2020-01-07,0.744,1483,1081,0.744,kept,linear
2020-01-08,0.762,1910,1295,0.762,kept,linear
2020-01-09,0.76,1718,1199,0.76,kept,linear
2020-01-10,0.77,1820,1280,0.77,kept,linear
2020-01-13,0.73,1890,1332,0.73,kept,linear
2020-01-14,0.728,1855,1279,0.728,kept,linear
2020-01-15,0.74,1801,1278,0.74,kept,linear
2020-01-16,0.786,1932,1304,0.786,kept,linear
2020-01-17,0.734,2004,1375,0.734,kept,linear
2020-01-21,0.748,1827,1260,0.748,kept,linear
2020-01-22,0.746,1962,1297,0.746,kept,linear
2020-01-23,0.74,1595,1183,0.74,kept,linear
2020-01-24,0.774,1810,1318,0.774,kept,linear
2020-01-27,0.764,2040,1486,0.764,kept,linear
2020-01-28,0.754,1705,1272,0.754,kept,linear
2020-01-29,0.776,1474,1127,0.776,kept,linear
2020-01-30,0.748,1616,1166,0.748,kept,linear
2020-01-31,0.744,2044,1402,0.744,kept,linear
2020-02-03,0.722,1796,1301,0.722,kept,linear
2020-02-04,0.71,1820,1312,0.71,kept,linear
2020-02-05,0.702,1946,1386,0.702,kept,linear
2020-02-06,0.71,1687,1192,0.71,kept,linear
2020-02-07,0.704,1699,1218,0.704,kept,linear
2020-02-10,0.706,1752,1270,0.706,kept,linear
2020-02-11,0.712,2054,1394,0.712,kept,linear
2020-02-12,0.744,1981,1382,0.744,kept,linear
2020-02-13,0.722,1714,1223,0.722,kept,linear
2020-02-14,0.722,1658,1202,0.722,kept,linear
2020-02-18,0.706,1903,1280,0.706,kept,linear
2020-02-19,0.704,1928,1310,0.704,kept,linear
2020-02-20,0.704,1620,1181,0.704,kept,linear
2020-02-21,0.684,1893,1375,0.684,kept,linear
2020-02-24,0.698,2468,1736,0.698,kept,linear
2020-02-25,0.722,2580,1743,0.722,kept,linear
2020-02-26,0.718,2453,1725,0.718,kept,linear
2020-02-27,0.726,2628,1818,0.726,kept,linear
2020-02-28,0.704,2468,1657,0.704,kept,linear
2020-03-02,0.73,2320,1582,0.73,kept,linear
2020-03-03,0.724,2075,1404,0.724,kept,linear
2020-03-04,0.728,2285,1557,0.728,kept,linear
2020-03-05,0.724,1842,1274,0.724,kept,linear
2020-03-06,0.736,2070,1396,0.736,kept,linear
2020-03-09,0.734,2344,1505,0.734,kept,linear
2020-03-10,0.684,2430,1566,0.684,kept,linear
2020-03-11,0.69,2006,1313,0.69,kept,linear
2020-03-12,0.69,1870,1195,0.69,kept,linear
2020-03-13,0.682,2145,1311,0.682,kept,linear
2020-03-16,0.688,1717,1082,0.688,kept,linear
2020-03-17,0.69,2023,1194,0.69,kept,linear
2020-03-18,0.688,1751,1056,0.688,kept,linear
2020-03-19,0.872,1501,997,0.872,kept,linear
2020-03-20,0.828,1469,954,0.828,kept,linear
2020-03-23,0.828,1524,943,0.828,kept,linear
2020-03-24,0.828,1839,1144,0.828,kept,linear
2020-03-25,0.824,2042,1324,0.824,kept,linear
2020-03-26,0.824,1854,1174,0.824,kept,linear
2020-03-27,0.822,1665,1089,0.822,kept,linear
2020-03-30,0.808,1739,1133,0.808,kept,linear
2020-03-31,0.828,1868,1201,0.828,kept,linear
2020-04-01,0.828,1636,1035,0.828,kept,linear
2020-04-02,0.828,1407,904,0.828,kept,linear
2020-04-03,0.826,1433,903,0.826,kept,linear
2020-04-06,0.78,1831,1122,0.78,kept,linear
2020-04-07,0.828,2102,1265,0.828,kept,linear
2020-04-08,0.826,1785,1145,0.826,kept,linear
2020-04-09,0.824,1947,1150,0.824,kept,linear
2020-04-13,0.82,1841,1110,0.82,kept,linear
2020-04-14,0.822,1981,1196,0.822,kept,linear
2020-04-15,0.802,1848,1184,0.802,kept,linear
2020-04-16,0.808,1103,828,0.808,kept,linear
2020-04-17,0.812,1502,1065,0.812,kept,linear
2020-04-20,0.782,1566,1120,0.782,kept,linear
2020-04-21,0.778,1462,1029,0.778,kept,linear
2020-04-22,0.774,1404,1019,0.774,kept,linear
2020-04-23,0.782,1289,919,0.782,kept,linear
2020-04-24,0.782,1344,964,0.782,kept,linear
2020-04-27,0.782,1640,1122,0.782,kept,linear
2020-04-28,0.758,1541,1049,0.758,kept,linear
2020-04-29,0.764,1834,1179,0.764,kept,linear
2020-04-30,0.764,1440,952,0.764,kept,linear
2020-05-01,0.746,1635,1024,0.746,kept,linear
2020-05-04,0.778,1539,1028,0.778,kept,linear
2020-05-05,0.752,1586,1051,0.752,kept,linear
2020-05-06,0.736,1545,1026,0.736,kept,linear
2020-05-07,0.73,1262,836,0.73,kept,linear
2020-05-08,0.72,1426,903,0.72,kept,linear
2020-05-11,0.726,1677,1031,0.726,kept,linear
2020-05-12,0.722,1687,1060,0.722,kept,linear
2020-05-13,0.724,2144,1279,0.724,kept,linear
2020-05-14,0.724,1854,1135,0.724,kept,linear
2020-05-15,0.726,1631,1027,0.726,kept,linear
2020-05-18,0.736,1897,1166,0.736,kept,linear
2020-05-19,0.73,1636,1060,0.73,kept,linear
2020-05-20,0.716,1708,1097,0.716,kept,linear
2020-05-21,0.722,1182,863,0.722,kept,linear
2020-05-22,0.714,1053,810,0.714,kept,linear
2020-05-26,0.676,1670,1121,0.676,kept,linear
2020-05-27,0.686,1656,1110,0.686,kept,linear
2020-05-28,0.69,1598,1045,0.69,kept,linear
2020-05-29,0.68,1491,1020,0.68,kept,linear
2020-06-01,0.686,1129,788,0.686,kept,linear
2020-06-02,0.652,1308,879,0.652,kept,linear
2020-06-03,0.682,1611,956,0.682,kept,linear
2020-06-04,0.67,1278,830,0.67,kept,linear
2020-06-05,0.674,1780,1034,0.674,kept,linear
2020-06-08,0.674,1600,979,0.674,kept,linear
2020-06-09,0.662,1521,960,0.662,kept,linear
2020-06-10,0.626,1458,957,0.626,kept,linear
2020-06-11,0.644,2121,1163,0.644,kept,linear
2020-06-12,0.638,1916,1127,0.638,kept,linear
2020-06-15,0.634,1832,1118,0.634,kept,linear
2020-06-16,0.642,1828,1156,0.642,kept,linear
2020-06-17,0.64,1493,982,0.64,kept,linear
2020-06-18,0.86,1054,772,0.86,kept,linear
2020-06-19,0.812,1366,947,0.812,kept,linear
2020-06-22,0.82,1295,945,0.82,kept,linear
2020-06-23,0.806,1327,954,0.806,kept,linear
2020-06-24,0.822,1606,1094,0.822,kept,linear
2020-06-25,0.824,1350,959,0.824,kept,linear
2020-06-26,0.828,1547,1047,0.828,kept,linear
2020-06-29,0.816,1521,1071,0.816,kept,linear
2020-06-30,0.822,1799,1199,0.822,kept,linear
2020-07-01,0.828,1631,1150,0.828,kept,linear
2020-07-02,0.8,1481,1002,0.8,kept,linear
2020-07-06,0.802,1534,1018,0.802,kept,linear
2020-07-07,0.742,1476,1019,0.742,kept,linear
2020-07-08,0.788,1631,1139,0.788,kept,linear
2020-07-09,0.804,1399,941,0.804,kept,linear
2020-07-10,0.816,1488,1039,0.816,kept,linear
2020-07-13,0.772,1863,1178,0.772,kept,linear
2020-07-14,0.786,1575,1075,0.786,kept,linear
2020-07-15,0.798,1652,1131,0.798,kept,linear
2020-07-16,0.806,1389,916,0.806,kept,linear
2020-07-17,0.814,1502,1020,0.814,kept,linear
2020-07-20,0.766,1605,1057,0.766,kept,linear
2020-07-21,0.76,1722,1123,0.76,kept,linear
2020-07-22,0.77,1612,1013,0.77,kept,linear
2020-07-23,0.752,1469,976,0.752,kept,linear
2020-07-24,0.778,1599,1139,0.778,kept,linear
2020-07-27,0.766,1287,956,0.766,kept,linear
2020-07-28,0.774,1427,1024,0.774,kept,linear
2020-07-29,0.756,1392,1033,0.756,kept,linear
2020-07-30,0.752,1371,957,0.752,kept,linear
2020-07-31,0.75,1499,1049,0.75,kept,linear
2020-08-03,0.768,1423,928,0.768,kept,linear
2020-08-04,0.766,1283,875,0.766,kept,linear
2020-08-05,0.702,1467,967,0.702,kept,linear
2020-08-06,0.736,1387,868,0.736,kept,linear
2020-08-07,0.724,1315,846,0.724,kept,linear
2020-08-10,0.728,1346,857,0.728,kept,linear
2020-08-11,0.728,1554,980,0.728,kept,linear
2020-08-12,0.728,1478,938,0.728,kept,linear
2020-08-13,0.714,1392,851,0.714,kept,linear
2020-08-14,0.726,1204,811,0.726,kept,linear
2020-08-17,0.698,1234,839,0.698,kept,linear
2020-08-18,0.72,1333,893,0.72,kept,linear
2020-08-19,0.712,1508,994,0.712,kept,linear
2020-08-20,0.704,1022,771,0.704,kept,linear
2020-08-21,0.686,1094,828,0.686,kept,linear
2020-08-24,0.684,1348,958,0.684,kept,linear
2020-08-25,0.688,1394,983,0.688,kept,linear
2020-08-26,0.682,1598,1096,0.682,kept,linear
2020-08-27,0.656,1537,1047,0.656,kept,linear
2020-08-28,0.682,1423,997,0.682,kept,linear
2020-08-31,0.674,1446,987,0.674,kept,linear
2020-09-01,0.682,1326,943,0.682,kept,linear
2020-09-02,0.656,1642,1054,0.656,kept,linear
2020-09-03,0.678,1721,1083,0.678,kept,linear
2020-09-04,0.67,1761,1121,0.67,kept,linear
2020-09-08,0.686,1839,1238,0.686,kept,linear
2020-09-09,0.638,1864,1276,0.638,kept,linear
2020-09-10,0.64,1512,1001,0.64,kept,linear
2020-09-11,0.644,1540,1039,0.644,kept,linear
2020-09-14,0.644,1511,1046,0.644,kept,linear
2020-09-15,0.634,1512,1022,0.634,kept,linear
2020-09-16,0.64,1519,1050,0.64,kept,linear
2020-09-17,0.868,1453,1066,0.868,kept,linear
2020-09-18,0.828,1616,1180,0.828,kept,linear
2020-09-21,0.812,1921,1378,0.812,kept,linear
2020-09-22,0.82,1641,1220,0.82,kept,linear
2020-09-23,0.812,1896,1352,0.812,kept,linear
2020-09-24,0.794,1639,1153,0.794,kept,linear
2020-09-25,0.794,1517,1099,0.794,kept,linear
2020-09-28,0.816,1804,1292,0.816,kept,linear
2020-09-29,0.788,1780,1271,0.788,kept,linear
2020-09-30,0.812,2070,1402,0.812,kept,linear
2020-10-01,0.764,1419,1001,0.764,kept,linear
2020-10-02,0.828,1661,1112,0.828,kept,linear
2020-10-05,0.782,1669,1080,0.782,kept,linear
2020-10-06,0.798,1879,1146,0.798,kept,linear
2020-10-07,0.798,1756,1122,0.798,kept,linear
2020-10-08,0.806,1751,1128,0.806,kept,linear
2020-10-09,0.816,1833,1122,0.816,kept,linear
2020-10-13,0.802,1725,1147,0.802,kept,linear
2020-10-14,0.778,1555,1085,0.778,kept,linear
2020-10-15,0.764,1626,1028,0.764,kept,linear
2020-10-16,0.76,1488,972,0.76,kept,linear
2020-10-19,0.768,1743,1109,0.768,kept,linear
2020-10-20,0.768,1620,1043,0.768,kept,linear
2020-10-21,0.746,1602,1044,0.746,kept,linear
2020-10-22,0.774,1211,892,0.774,kept,linear
2020-10-23,0.766,1293,917,0.766,kept,linear
2020-10-26,0.746,1807,1198,0.746,kept,linear
2020-10-27,0.78,1303,979,0.78,kept,linear
2020-10-28,0.77,2150,1413,0.77,kept,linear
2020-10-29,0.738,1713,1143,0.738,kept,linear
2020-10-30,0.734,1928,1252,0.734,kept,linear
2020-11-02,0.754,1677,1107,0.754,kept,linear
2020-11-03,0.766,1749,1153,0.766,kept,linear
2020-11-04,0.742,2036,1271,0.742,kept,linear
2020-11-05,0.702,1589,990,0.702,kept,linear
2020-11-06,0.722,1411,935,0.722,kept,linear
2020-11-09,0.696,2333,1322,0.696,kept,linear
2020-11-10,0.712,1637,1056,0.712,kept,linear
2020-11-12,0.71,1459,932,0.71,kept,linear
2020-11-13,0.716,1584,960,0.716,kept,linear
2020-11-16,0.724,1775,1049,0.724,kept,linear
2020-11-17,0.712,1632,1018,0.712,kept,linear
2020-11-18,0.67,1727,1057,0.67,kept,linear
2020-11-19,0.69,1150,793,0.69,kept,linear
2020-11-20,0.65,1176,820,0.65,kept,linear
2020-11-23,0.63,1301,910,0.63,kept,linear
2020-11-24,0.686,1602,1040,0.686,kept,linear
2020-11-25,0.684,1366,872,0.684,kept,linear
2020-11-27,0.65,1173,766,0.65,kept,linear
2020-11-30,0.67,1516,990,0.67,kept,linear
2020-12-01,0.652,1858,1140,0.652,kept,linear
2020-12-02,0.622,1327,850,0.622,kept,linear
2020-12-03,0.624,1346,875,0.624,kept,linear
2020-12-04,0.67,1458,904,0.67,kept,linear
2020-12-07,0.658,1627,1013,0.658,kept,linear
2020-12-08,0.67,1557,1022,0.67,kept,linear
2020-12-09,0.63,1766,1164,0.63,kept,linear
2020-12-10,0.602,1521,955,0.602,kept,linear
2020-12-11,0.612,1672,1062,0.612,kept,linear
2020-12-14,0.624,1834,1122,0.624,kept,linear
2020-12-15,0.63,1730,1077,0.63,kept,linear
2020-12-16,0.612,1714,1056,0.612,kept,linear
2020-12-17,0.866,1380,952,0.866,kept,linear
2020-12-18,0.816,1467,995,0.816,kept,linear
2020-12-21,0.822,1779,1200,0.822,kept,linear
2020-12-22,0.82,1553,1087,0.82,kept,linear
2020-12-23,0.81,1452,1094,0.81,kept,linear
2020-12-24,0.816,1077,736,0.816,kept,linear
2020-12-28,0.818,1569,1068,0.818,kept,linear
2020-12-29,0.822,1560,1052,0.822,kept,linear
2020-12-30,0.808,1612,1143,0.808,kept,linear
2020-12-31,0.794,1487,1029,0.794,kept,linear
2021-01-04,0.826,2008,1255,0.826,kept,linear
2021-01-05,0.738,1637,1088,0.738,kept,linear
2021-01-06,0.776,2014,1266,0.776,kept,linear
2021-01-07,0.818,1882,1161,0.818,kept,linear
2021-01-08,0.808,1839,1100,0.808,kept,linear
2021-01-11,0.81,1748,1106,0.81,kept,linear
2021-01-12,0.818,1655,1061,0.818,kept,linear
2021-01-13,0.794,1651,1054,0.794,kept,linear
2021-01-14,0.796,1656,1034,0.796,kept,linear
2021-01-15,0.786,1947,1224,0.786,kept,linear
2021-01-19,0.764,1773,1091,0.764,kept,linear
2021-01-20,0.772,2146,1267,0.772,kept,linear
2021-01-21,0.864,1517,1018,0.864,kept,linear
2021-01-22,0.808,1464,987,0.808,kept,linear
2021-01-25,0.814,1859,1271,0.814,kept,linear
2021-01-26,0.81,1648,1139,0.81,kept,linear
2021-01-27,0.806,2414,1515,0.806,kept,linear
2021-01-28,0.81,1923,1271,0.81,kept,linear
2021-01-29,0.816,2247,1450,0.816,kept,linear
2021-02-01,0.824,1955,1284,0.824,kept,linear
2021-02-02,0.784,2064,1349,0.784,kept,linear
2021-02-03,0.78,1903,1285,0.78,kept,linear
2021-02-04,0.81,1724,1112,0.81,kept,linear
2021-02-05,0.81,1882,1151,0.81,kept,linear
2021-02-08,0.74,2018,1275,0.74,kept,linear
2021-02-09,0.738,1861,1198,0.738,kept,linear
2021-02-10,0.77,1856,1213,0.77,kept,linear
2021-02-11,0.742,1690,1097,0.742,kept,linear
2021-02-12,0.764,1763,1120,0.764,kept,linear
2021-02-16,0.766,1982,1254,0.766,kept,linear
2021-02-17,0.764,1804,1169,0.764,kept,linear
2021-02-18,0.74,1611,1161,0.74,kept,linear
2021-02-19,0.738,1510,1074,0.738,kept,linear
2021-02-22,0.768,1695,1218,0.768,kept,linear
2021-02-23,0.76,1826,1258,0.76,kept,linear
2021-02-24,0.744,1804,1267,0.744,kept,linear
2021-02-25,0.738,1862,1256,0.738,kept,linear
2021-02-26,0.698,1990,1311,0.698,kept,linear
2021-03-01,0.726,2002,1380,0.726,kept,linear
2021-03-02,0.726,1564,1047,0.726,kept,linear
2021-03-03,0.7,1500,989,0.7,kept,linear
2021-03-04,0.72,1847,1150,0.72,kept,linear
2021-03-05,0.72,1857,1176,0.72,kept,linear
2021-03-08,0.728,1884,1250,0.728,kept,linear
2021-03-09,0.71,1717,1150,0.71,kept,linear
2021-03-10,0.724,1587,1071,0.724,kept,linear
2021-03-11,0.72,1816,1122,0.72,kept,linear
2021-03-12,0.716,1470,943,0.716,kept,linear
2021-03-15,0.72,1726,1139,0.72,kept,linear
2021-03-16,0.736,1750,1108,0.736,kept,linear
2021-03-17,0.676,1755,1115,0.676,kept,linear
2021-03-18,0.814,1576,1061,0.814,kept,linear
2021-03-19,0.78,1518,1066,0.78,kept,linear
2021-03-22,0.812,1631,1179,0.812,kept,linear
2021-03-23,0.778,1835,1273,0.778,kept,linear
2021-03-24,0.812,1608,1178,0.812,kept,linear
2021-03-25,0.78,1777,1167,0.78,kept,linear
2021-03-26,0.794,1726,1175,0.794,kept,linear
2021-03-29,0.81,1954,1336,0.81,kept,linear
2021-03-30,0.806,1618,1203,0.806,kept,linear
2021-03-31,0.812,2214,1466,0.812,kept,linear
2021-04-01,0.804,1952,1249,0.804,kept,linear
2021-04-05,0.776,2434,1444,0.776,kept,linear
2021-04-06,0.794,2034,1352,0.794,kept,linear
2021-04-07,0.78,2072,1391,0.78,kept,linear
2021-04-08,0.782,2054,1333,0.782,kept,linear
2021-04-09,0.774,2139,1364,0.774,kept,linear
2021-04-12,0.79,2171,1410,0.79,kept,linear
2021-04-13,0.794,2063,1317,0.794,kept,linear
2021-04-14,0.834,1928,1260,0.834,kept,linear
2021-04-15,0.774,2086,1280,0.774,kept,linear
2021-04-16,0.826,2072,1282,0.826,kept,linear
2021-04-19,0.798,2267,1395,0.798,kept,linear
2021-04-20,0.766,2311,1384,0.766,kept,linear
2021-04-21,0.756,2230,1310,0.756,kept,linear
2021-04-22,0.778,1756,1229,0.778,kept,linear
2021-04-23,0.794,1962,1373,0.794,kept,linear
2021-04-26,0.768,1742,1232,0.768,kept,linear
2021-04-27,0.756,1592,1131,0.756,kept,linear
2021-04-28,0.794,1708,1278,0.794,kept,linear
2021-04-29,0.78,1924,1289,0.78,kept,linear
2021-04-30,0.782,1881,1275,0.782,kept,linear
2021-05-03,0.756,1781,1203,0.756,kept,linear
2021-05-04,0.742,2226,1464,0.742,kept,linear
2021-05-05,0.712,1920,1332,0.712,kept,linear
2021-05-06,0.712,1677,1074,0.712,kept,linear
2021-05-07,0.754,2140,1387,0.754,kept,linear
2021-05-10,0.764,2076,1368,0.764,kept,linear
2021-05-11,0.744,2705,1698,0.744,kept,linear
2021-05-12,0.764,3021,1865,0.764,kept,linear
2021-05-13,0.75,2340,1530,0.75,kept,linear
2021-05-14,0.696,2344,1559,0.696,kept,linear
2021-05-17,0.75,2295,1578,0.75,kept,linear
2021-05-18,0.732,2368,1597,0.732,kept,linear
2021-05-19,0.728,2792,1736,0.728,kept,linear
2021-05-20,0.792,2080,1496,0.792,kept,linear
2021-05-21,0.776,1748,1259,0.776,kept,linear
2021-05-24,0.808,2237,1588,0.808,kept,linear
2021-05-25,0.788,1875,1373,0.788,kept,linear
2021-05-26,0.78,1914,1381,0.78,kept,linear
2021-05-27,0.788,1748,1259,0.788,kept,linear
2021-05-28,0.776,1847,1312,0.776,kept,linear
2021-06-01,0.776,1842,1213,0.776,kept,linear
2021-06-02,0.798,1728,1200,0.798,kept,linear
2021-06-03,0.81,1566,1067,0.81,kept,linear
2021-06-04,0.772,1807,1199,0.772,kept,linear
2021-06-07,0.714,1953,1324,0.714,kept,linear
2021-06-08,0.74,1741,1195,0.74,kept,linear
2021-06-09,0.726,1645,1109,0.726,kept,linear
2021-06-10,0.726,1869,1200,0.726,kept,linear
2021-06-11,0.738,2080,1318,0.738,kept,linear
2021-06-14,0.7,1783,1184,0.7,kept,linear
2021-06-15,0.72,1944,1262,0.72,kept,linear
2021-06-16,0.74,2115,1372,0.74,kept,linear
2021-06-17,0.856,1891,1274,0.856,kept,linear
2021-06-18,0.804,2531,1631,0.804,kept,linear
2021-06-21,0.796,2369,1568,0.796,kept,linear
2021-06-22,0.768,2060,1387,0.768,kept,linear
2021-06-23,0.762,1957,1362,0.762,kept,linear
2021-06-24,0.79,1874,1253,0.79,kept,linear
2021-06-25,0.78,1841,1270,0.78,kept,linear
2021-06-28,0.778,1967,1332,0.778,kept,linear
2021-06-29,0.786,1791,1252,0.786,kept,linear
2021-06-30,0.778,1919,1300,0.778,kept,linear
2021-07-01,0.784,1864,1220,0.784,kept,linear
2021-07-02,0.786,2073,1358,0.786,kept,linear
2021-07-06,0.766,2016,1300,0.766,kept,linear
2021-07-07,0.808,1994,1361,0.808,kept,linear
2021-07-08,0.77,2031,1288,0.77,kept,linear
2021-07-09,0.774,1773,1181,0.774,kept,linear
2021-07-12,0.768,2111,1380,0.768,kept,linear
2021-07-13,0.774,1959,1319,0.774,kept,linear
2021-07-14,0.764,1813,1240,0.764,kept,linear
2021-07-15,0.826,1904,1283,0.826,kept,linear
2021-07-16,0.792,2156,1395,0.792,kept,linear
2021-07-19,0.782,2927,1852,0.782,kept,linear
2021-07-20,0.776,2339,1538,0.776,kept,linear
2021-07-21,0.782,2262,1490,0.782,kept,linear
2021-07-22,0.756,1643,1171,0.756,kept,linear
2021-07-23,0.78,2206,1509,0.78,kept,linear
2021-07-26,0.766,2143,1529,0.766,kept,linear
2021-07-27,0.796,2179,1509,0.796,kept,linear
2021-07-28,0.78,1981,1452,0.78,kept,linear
2021-07-29,0.746,1765,1255,0.746,kept,linear
2021-07-30,0.768,1780,1274,0.768,kept,linear
2021-08-02,0.738,1863,1248,0.738,kept,linear
2021-08-03,0.732,1865,1238,0.732,kept,linear
2021-08-04,0.728,1582,1154,0.728,kept,linear
2021-08-05,0.72,1603,1120,0.72,kept,linear
2021-08-06,0.734,1757,1194,0.734,kept,linear
2021-08-09,0.732,1861,1232,0.732,kept,linear
2021-08-10,0.716,1920,1278,0.716,kept,linear
2021-08-11,0.698,1964,1355,0.698,kept,linear
2021-08-12,0.736,1819,1222,0.736,kept,linear
2021-08-13,0.712,1840,1215,0.712,kept,linear
2021-08-16,0.718,2100,1359,0.718,kept,linear
2021-08-17,0.75,2213,1435,0.75,kept,linear
2021-08-18,0.676,2061,1357,0.676,kept,linear
2021-08-19,0.816,1951,1347,0.816,kept,linear
2021-08-20,0.78,1751,1249,0.78,kept,linear
2021-08-23,0.784,2071,1429,0.784,kept,linear
2021-08-24,0.782,1875,1346,0.782,kept,linear
2021-08-25,0.734,1935,1330,0.734,kept,linear
2021-08-26,0.782,1634,1118,0.782,kept,linear
2021-08-27,0.768,1880,1340,0.768,kept,linear
2021-08-30,0.782,2208,1502,0.782,kept,linear
2021-08-31,0.766,1819,1308,0.766,kept,linear
2021-09-01,0.778,1786,1220,0.778,kept,linear
2021-09-02,0.786,1554,1076,0.786,kept,linear
2021-09-03,0.796,1526,1053,0.796,kept,linear
2021-09-07,0.746,1881,1276,0.746,kept,linear
2021-09-08,0.746,1932,1318,0.746,kept,linear
2021-09-09,0.714,1787,1182,0.714,kept,linear
2021-09-10,0.736,2076,1308,0.736,kept,linear
2021-09-13,0.75,2418,1527,0.75,kept,linear
2021-09-14,0.726,2094,1399,0.726,kept,linear
2021-09-15,0.732,2080,1381,0.732,kept,linear
2021-09-16,0.84,1740,1290,0.84,kept,linear
2021-09-17,0.798,2096,1460,0.798,kept,linear
2021-09-20,0.812,3238,2030,0.812,kept,linear
2021-09-21,0.804,2236,1532,0.804,kept,linear
2021-09-22,0.804,2101,1475,0.804,kept,linear
2021-09-23,0.792,2266,1512,0.792,kept,linear
2021-09-24,0.796,1901,1323,0.796,kept,linear
2021-09-27,0.784,2149,1506,0.784,kept,linear
2021-09-28,0.794,2745,1752,0.794,kept,linear
2021-09-29,0.794,2189,1484,0.794,kept,linear
2021-09-30,0.794,2558,1611,0.794,kept,linear
2021-10-01,0.818,2802,1817,0.818,kept,linear
2021-10-04,0.802,2605,1676,0.802,kept,linear
2021-10-05,0.804,2639,1741,0.804,kept,linear
2021-10-06,0.802,2570,1700,0.802,kept,linear
2021-10-07,0.8,2575,1730,0.8,kept,linear
2021-10-08,0.76,2117,1441,0.76,kept,linear
2021-10-12,0.802,2237,1502,0.802,kept,linear
2021-10-13,0.774,2569,1751,0.774,kept,linear
2021-10-14,0.784,2899,1873,0.784,kept,linear
2021-10-15,0.784,2696,1764,0.784,kept,linear
2021-10-18,0.76,2849,1839,0.76,kept,linear
2021-10-19,0.76,2909,1845,0.76,kept,linear
2021-10-20,0.76,2721,1762,0.76,kept,linear
2021-10-21,0.822,1952,1392,0.822,kept,linear
2021-10-22,0.81,2451,1724,0.81,kept,linear
2021-10-25,0.788,2402,1666,0.788,kept,linear
2021-10-26,0.768,2702,1838,0.768,kept,linear
2021-10-27,0.774,2174,1558,0.774,kept,linear
2021-10-28,0.776,2132,1486,0.776,kept,linear
2021-10-29,0.784,2400,1658,0.784,kept,linear
2021-11-01,0.792,2270,1561,0.792,kept,linear
2021-11-02,0.808,2208,1526,0.808,kept,linear
2021-11-03,0.776,2373,1599,0.776,kept,linear
2021-11-04,0.784,2415,1549,0.784,kept,linear
2021-11-05,0.808,2720,1744,0.808,kept,linear
2021-11-08,0.76,2314,1556,0.76,kept,linear
2021-11-09,0.766,2432,1652,0.766,kept,linear
2021-11-10,0.744,2388,1602,0.744,kept,linear
2021-11-12,0.768,1993,1356,0.768,kept,linear
2021-11-15,0.728,2169,1426,0.728,kept,linear
2021-11-16,0.748,2355,1544,0.748,kept,linear
2021-11-17,0.754,2076,1457,0.754,kept,linear
2021-11-18,0.796,1720,1274,0.796,kept,linear
2021-11-19,0.794,1879,1367,0.794,kept,linear
2021-11-22,0.8,2161,1503,0.8,kept,linear
2021-11-23,0.784,2052,1451,0.784,kept,linear
2021-11-24,0.794,1633,1183,0.794,kept,linear
2021-11-26,0.808,2339,1559,0.808,kept,linear
2021-11-29,0.802,2590,1782,0.802,kept,linear
2021-11-30,0.788,2784,1889,0.788,kept,linear
2021-12-01,0.796,2597,1816,0.796,kept,linear
2021-12-02,0.802,2358,1687,0.802,kept,linear
2021-12-03,0.798,2503,1724,0.798,kept,linear
2021-12-06,0.774,2204,1517,0.774,kept,linear
2021-12-07,0.754,2353,1642,0.754,kept,linear
2021-12-08,0.756,2129,1548,0.756,kept,linear
2021-12-09,0.726,1735,1225,0.726,kept,linear
2021-12-10,0.722,1833,1238,0.722,kept,linear
2021-12-13,0.724,2181,1482,0.724,kept,linear
2021-12-14,0.766,2325,1596,0.766,kept,linear
2021-12-15,0.732,2413,1609,0.732,kept,linear
2021-12-16,0.848,2349,1567,0.848,kept,linear
2021-12-17,0.806,2469,1634,0.806,kept,linear
2021-12-20,0.82,3185,2039,0.82,kept,linear
2021-12-21,0.818,2622,1779,0.818,kept,linear
2021-12-22,0.8,2639,1763,0.8,kept,linear
2021-12-23,0.814,2846,1966,0.814,kept,linear
2021-12-27,0.798,3162,2193,0.798,kept,linear
2021-12-28,0.812,3016,2148,0.812,kept,linear
2021-12-29,0.802,2825,2082,0.802,kept,linear
2021-12-30,0.832,2447,1791,0.832,kept,linear
2021-12-31,0.784,2371,1658,0.784,kept,linear
2022-01-03,0.796,2357,1607,0.796,kept,linear
2022-01-04,0.794,2407,1672,0.794,kept,linear
2022-01-05,0.804,2957,1956,0.804,kept,linear
2022-01-06,0.806,2565,1724,0.806,kept,linear
2022-01-07,0.804,2513,1705,0.804,kept,linear
2022-01-10,0.792,3238,2039,0.792,kept,linear
2022-01-11,0.808,2664,1764,0.808,kept,linear
2022-01-12,0.792,2490,1699,0.792,kept,linear
2022-01-13,0.8,2245,1442,0.8,kept,linear
2022-01-14,0.812,2638,1684,0.812,kept,linear
2022-01-18,0.772,3278,2035,0.772,kept,linear
2022-01-19,0.774,3089,1959,0.774,kept,linear
2022-01-20,0.862,2786,1825,0.862,kept,linear
2022-01-21,0.824,3531,2169,0.824,kept,linear
2022-01-24,0.826,4047,2451,0.826,kept,linear
2022-01-25,0.826,3147,2023,0.826,kept,linear
2022-01-26,0.828,3005,1950,0.828,kept,linear
2022-01-27,0.826,2529,1670,0.826,kept,linear
2022-01-28,0.826,3078,1984,0.826,kept,linear
2022-01-31,0.82,3310,2011,0.82,kept,linear
2022-02-01,0.812,2797,1810,0.812,kept,linear
2022-02-02,0.804,2758,1762,0.804,kept,linear
2022-02-03,0.816,2621,1680,0.816,kept,linear
2022-02-04,0.814,2145,1445,0.814,kept,linear
2022-02-07,0.77,2384,1584,0.77,kept,linear
2022-02-08,0.762,2131,1441,0.762,kept,linear
2022-02-09,0.764,2738,1800,0.764,kept,linear
2022-02-10,0.768,2466,1629,0.768,kept,linear
2022-02-11,0.782,2812,1781,0.782,kept,linear
2022-02-14,0.78,2969,1890,0.78,kept,linear
2022-02-15,0.776,2595,1694,0.776,kept,linear
2022-02-16,0.77,2560,1690,0.77,kept,linear
2022-02-17,0.864,2365,1655,0.864,kept,linear
2022-02-18,0.822,2473,1711,0.822,kept,linear
2022-02-22,0.824,2779,1877,0.824,kept,linear
2022-02-23,0.824,3113,2016,0.824,kept,linear
2022-02-24,0.826,3395,2086,0.826,kept,linear
2022-02-25,0.82,2773,1832,0.82,kept,linear
2022-02-28,0.81,2566,1743,0.81,kept,linear
2022-03-01,0.822,2677,1850,0.822,kept,linear
2022-03-02,0.822,2369,1630,0.822,kept,linear
2022-03-03,0.816,1851,1284,0.816,kept,linear
2022-03-04,0.824,2168,1435,0.824,kept,linear
2022-03-07,0.774,2551,1683,0.774,kept,linear
2022-03-08,0.78,2463,1627,0.78,kept,linear
2022-03-09,0.774,2263,1555,0.774,kept,linear
2022-03-10,0.78,2211,1516,0.78,kept,linear
2022-03-11,0.78,2593,1683,0.78,kept,linear
2022-03-14,0.764,2686,1748,0.764,kept,linear
2022-03-15,0.778,2823,1794,0.778,kept,linear
2022-03-16,0.758,2396,1685,0.758,kept,linear
2022-03-17,0.87,2388,1654,0.87,kept,linear
2022-03-18,0.822,2595,1780,0.822,kept,linear
2022-03-21,0.826,2540,1805,0.826,kept,linear
2022-03-22,0.82,3110,2042,0.82,kept,linear
2022-03-23,0.814,2488,1723,0.814,kept,linear
2022-03-24,0.806,2211,1558,0.806,kept,linear
2022-03-25,0.82,2429,1639,0.82,kept,linear
2022-03-28,0.816,2714,1801,0.816,kept,linear
2022-03-29,0.822,2856,1862,0.822,kept,linear
2022-03-30,0.814,2874,1981,0.814,kept,linear
2022-03-31,0.836,2572,1722,0.836,kept,linear
2022-04-01,0.81,2691,1744,0.81,kept,linear
2022-04-04,0.818,2327,1552,0.818,kept,linear
2022-04-05,0.806,2578,1725,0.806,kept,linear
2022-04-06,0.812,2932,1880,0.812,kept,linear
2022-04-07,0.81,2117,1417,0.81,kept,linear
2022-04-08,0.81,2191,1462,0.81,kept,linear
2022-04-11,0.818,2756,1744,0.818,kept,linear
2022-04-12,0.82,2862,1869,0.82,kept,linear
2022-04-13,0.794,2478,1663,0.794,kept,linear
2022-04-14,0.824,2394,1596,0.824,kept,linear
2022-04-18,0.772,2668,1702,0.772,kept,linear
2022-04-19,0.764,2866,1811,0.764,kept,linear
2022-04-20,0.77,2650,1721,0.77,kept,linear
2022-04-21,0.858,2429,1698,0.858,kept,linear
2022-04-22,0.826,3113,2024,0.826,kept,linear
2022-04-25,0.822,3487,2239,0.822,kept,linear
2022-04-26,0.828,3289,2152,0.828,kept,linear
2022-04-27,0.824,2804,1883,0.824,kept,linear
2022-04-28,0.822,2812,1902,0.822,kept,linear
2022-04-29,0.824,2908,1939,0.824,kept,linear
2022-05-02,0.826,3073,1901,0.826,kept,linear
2022-05-03,0.822,2517,1654,0.822,kept,linear
2022-05-04,0.812,2702,1774,0.812,kept,linear
2022-05-05,0.806,2442,1556,0.806,kept,linear
2022-05-06,0.804,2543,1617,0.804,kept,linear
2022-05-09,0.776,3010,1850,0.776,kept,linear
2022-05-10,0.782,2898,1792,0.782,kept,linear
2022-05-11,0.766,2841,1727,0.766,kept,linear
2022-05-12,0.776,2588,1639,0.776,kept,linear
2022-05-13,0.766,2565,1612,0.766,kept,linear
2022-05-16,0.776,2585,1603,0.776,kept,linear
2022-05-17,0.778,2875,1796,0.778,kept,linear
2022-05-18,0.768,2980,1923,0.768,kept,linear
2022-05-19,0.858,2608,1773,0.858,kept,linear
2022-05-20,0.828,2896,1835,0.828,kept,linear
2022-05-23,0.824,2577,1776,0.824,kept,linear
2022-05-24,0.798,2521,1730,0.798,kept,linear
2022-05-25,0.81,2337,1607,0.81,kept,linear
2022-05-26,0.828,2475,1649,0.828,kept,linear
2022-05-27,0.82,2831,1872,0.82,kept,linear
2022-05-31,0.822,2502,1697,0.822,kept,linear
2022-06-01,0.812,2306,1528,0.812,kept,linear
2022-06-02,0.818,2150,1432,0.818,kept,linear
2022-06-03,0.798,2006,1376,0.798,kept,linear
2022-06-06,0.738,2129,1449,0.738,kept,linear
2022-06-07,0.774,2248,1519,0.774,kept,linear
2022-06-08,0.77,2154,1503,0.77,kept,linear
2022-06-09,0.782,2339,1556,0.782,kept,linear
2022-06-10,0.78,3311,1954,0.78,kept,linear
2022-06-13,0.776,3395,1970,0.776,kept,linear
2022-06-14,0.766,2854,1798,0.766,kept,linear
2022-06-15,0.77,2946,1758,0.77,kept,linear
2022-06-16,0.874,2610,1708,0.874,kept,linear
2022-06-17,0.828,2350,1611,0.828,kept,linear
2022-06-21,0.824,2639,1746,0.824,kept,linear
2022-06-22,0.828,2391,1649,0.828,kept,linear
2022-06-23,0.826,2041,1410,0.826,kept,linear
2022-06-24,0.824,2673,1794,0.824,kept,linear
2022-06-27,0.824,2276,1558,0.824,kept,linear
2022-06-28,0.814,2661,1791,0.814,kept,linear
2022-06-29,0.828,2340,1690,0.828,kept,linear
2022-06-30,0.824,2373,1562,0.824,kept,linear
2022-07-01,0.826,2446,1615,0.826,kept,linear
2022-07-05,0.824,2504,1645,0.824,kept,linear
2022-07-06,0.822,2480,1640,0.822,kept,linear
2022-07-07,0.816,2700,1762,0.816,kept,linear
2022-07-08,0.818,2404,1578,0.818,kept,linear
2022-07-11,0.806,2325,1557,0.806,kept,linear
2022-07-12,0.784,2484,1611,0.784,kept,linear
2022-07-13,0.798,2922,1898,0.798,kept,linear
2022-07-14,0.806,2881,1819,0.806,kept,linear
2022-07-15,0.812,2649,1706,0.812,kept,linear
2022-07-18,0.782,2750,1797,0.782,kept,linear
2022-07-19,0.782,3008,1882,0.782,kept,linear
2022-07-20,0.782,2956,1845,0.782,kept,linear
2022-07-21,0.862,2458,1656,0.862,kept,linear
2022-07-22,0.824,2417,1633,0.824,kept,linear
2022-07-25,0.818,1947,1402,0.818,kept,linear
2022-07-26,0.826,2149,1546,0.826,kept,linear
2022-07-27,0.806,2645,1778,0.806,kept,linear
2022-07-28,0.822,2659,1747,0.822,kept,linear
2022-07-29,0.818,2796,1800,0.818,kept,linear
2022-08-01,0.81,2559,1689,0.81,kept,linear
2022-08-02,0.82,2318,1533,0.82,kept,linear
2022-08-03,0.808,2612,1711,0.808,kept,linear
2022-08-04,0.812,1978,1324,0.812,kept,linear
2022-08-05,0.8,2013,1380,0.8,kept,linear
2022-08-08,0.778,2353,1528,0.778,kept,linear
2022-08-09,0.766,2203,1511,0.766,kept,linear
2022-08-10,0.776,2784,1749,0.776,kept,linear
2022-08-11,0.768,2531,1608,0.768,kept,linear
2022-08-12,0.766,2546,1620,0.766,kept,linear
2022-08-15,0.776,2535,1592,0.776,kept,linear
2022-08-16,0.766,2496,1570,0.766,kept,linear
2022-08-17,0.734,2618,1719,0.734,kept,linear
2022-08-18,0.836,1892,1378,0.836,kept,linear
2022-08-19,0.824,1990,1402,0.824,kept,linear
2022-08-22,0.816,2472,1644,0.816,kept,linear
2022-08-23,0.81,2039,1426,0.81,kept,linear
2022-08-24,0.808,1966,1420,0.808,kept,linear
2022-08-25,0.808,1801,1303,0.808,kept,linear
2022-08-26,0.826,2612,1677,0.826,kept,linear
2022-08-29,0.82,2648,1733,0.82,kept,linear
2022-08-30,0.812,2844,1846,0.812,kept,linear
2022-08-31,0.802,2650,1768,0.802,kept,linear
2022-09-01,0.828,2579,1677,0.828,kept,linear
2022-09-02,0.8,2619,1688,0.8,kept,linear
2022-09-06,0.758,2537,1639,0.758,kept,linear
2022-09-07,0.77,2513,1627,0.77,kept,linear
2022-09-08,0.756,2047,1376,0.756,kept,linear
2022-09-09,0.754,2686,1735,0.754,kept,linear
2022-09-12,0.766,2716,1733,0.766,kept,linear
2022-09-13,0.756,3046,1882,0.756,kept,linear
2022-09-14,0.77,2534,1724,0.77,kept,linear
2022-09-15,0.868,2603,1700,0.868,kept,linear
2022-09-16,0.82,3179,1967,0.82,kept,linear
2022-09-19,0.828,2714,1728,0.828,kept,linear
2022-09-20,0.814,2808,1760,0.814,kept,linear
2022-09-21,0.794,2772,1733,0.794,kept,linear
2022-09-22,0.828,2701,1806,0.828,kept,linear
2022-09-23,0.828,3191,2009,0.828,kept,linear
2022-09-26,0.826,2711,1772,0.826,kept,linear
2022-09-27,0.818,2847,1872,0.818,kept,linear
2022-09-28,0.824,2851,1916,0.824,kept,linear
2022-09-29,0.844,2634,1691,0.844,kept,linear
2022-09-30,0.828,2893,1840,0.828,kept,linear
2022-10-03,0.828,2753,1680,0.828,kept,linear
2022-10-04,0.828,2791,1752,0.828,kept,linear
2022-10-05,0.812,2399,1600,0.812,kept,linear
2022-10-06,0.822,2001,1318,0.822,kept,linear
2022-10-07,0.824,2526,1551,0.824,kept,linear
2022-10-11,0.808,2573,1587,0.808,kept,linear
2022-10-12,0.792,2240,1448,0.792,kept,linear
2022-10-13,0.826,2938,1745,0.826,kept,linear
2022-10-14,0.812,2520,1571,0.812,kept,linear
2022-10-17,0.782,2531,1600,0.782,kept,linear
2022-10-18,0.78,2672,1695,0.78,kept,linear
2022-10-19,0.776,2292,1481,0.776,kept,linear
2022-10-20,0.87,2025,1424,0.87,kept,linear
2022-10-21,0.828,2365,1586,0.828,kept,linear
2022-10-24,0.806,2371,1615,0.806,kept,linear
2022-10-25,0.828,2697,1755,0.828,kept,linear
2022-10-26,0.816,2521,1683,0.816,kept,linear
2022-10-27,0.814,2096,1440,0.814,kept,linear
2022-10-28,0.824,2686,1773,0.824,kept,linear
2022-10-31,0.822,2409,1653,0.822,kept,linear
2022-11-01,0.822,2204,1480,0.822,kept,linear
2022-11-02,0.822,2285,1471,0.822,kept,linear
2022-11-03,0.824,2384,1536,0.824,kept,linear
2022-11-04,0.812,2367,1533,0.812,kept,linear
2022-11-07,0.756,2202,1483,0.756,kept,linear
2022-11-08,0.77,2389,1577,0.77,kept,linear
2022-11-09,0.758,2132,1431,0.758,kept,linear
2022-11-10,0.78,2860,1749,0.78,kept,linear
2022-11-14,0.772,2422,1549,0.772,kept,linear
2022-11-15,0.75,2505,1576,0.75,kept,linear
2022-11-16,0.762,2145,1411,0.762,kept,linear
2022-11-17,0.844,1770,1291,0.844,kept,linear
2022-11-18,0.826,1812,1346,0.826,kept,linear
2022-11-21,0.804,1785,1337,0.804,kept,linear
2022-11-22,0.822,1990,1422,0.822,kept,linear
2022-11-23,0.812,2136,1500,0.812,kept,linear
2022-11-25,0.802,1364,1025,0.802,kept,linear
2022-11-28,0.826,2202,1528,0.826,kept,linear
2022-11-29,0.802,1972,1377,0.802,kept,linear
2022-11-30,0.82,2686,1800,0.82,kept,linear
2022-12-01,0.818,2250,1506,0.818,kept,linear
2022-12-02,0.814,2243,1518,0.814,kept,linear
2022-12-05,0.758,2332,1576,0.758,kept,linear
2022-12-06,0.78,2679,1818,0.78,kept,linear
2022-12-07,0.782,2243,1594,0.782,kept,linear
2022-12-08,0.778,2033,1477,0.778,kept,linear
2022-12-09,0.782,2124,1485,0.782,kept,linear
2022-12-12,0.756,2237,1569,0.756,kept,linear
2022-12-13,0.764,2541,1681,0.764,kept,linear
2022-12-14,0.77,2333,1607,0.77,kept,linear
2022-12-15,0.874,3061,1972,0.874,kept,linear
2022-12-16,0.828,2933,1916,0.828,kept,linear
2022-12-19,0.828,3011,1935,0.828,kept,linear
2022-12-20,0.828,2714,1814,0.828,kept,linear
2022-12-21,0.82,2952,2011,0.82,kept,linear
2022-12-22,0.828,2805,1987,0.828,kept,linear
2022-12-23,0.826,2183,1634,0.826,kept,linear
2022-12-27,0.828,2058,1511,0.828,kept,linear
2022-12-28,0.828,2674,1901,0.828,kept,linear
2022-12-29,0.854,2615,1832,0.854,kept,linear
2022-12-30,0.828,2513,1795,0.828,kept,linear
2023-01-03,0.828,2486,1669,0.828,kept,linear
2023-01-04,0.824,2440,1664,0.824,kept,linear
2023-01-05,0.826,2272,1538,0.826,kept,linear
2023-01-06,0.826,2794,1819,0.826,kept,linear
2023-01-09,0.824,2685,1728,0.824,kept,linear
2023-01-10,0.826,2452,1619,0.826,kept,linear
2023-01-11,0.822,2797,1826,0.822,kept,linear
2023-01-12,0.824,2673,1734,0.824,kept,linear
2023-01-13,0.816,2737,1777,0.816,kept,linear
2023-01-17,0.782,2586,1665,0.782,kept,linear
2023-01-18,0.782,3010,1888,0.782,kept,linear
2023-01-19,0.872,2453,1713,0.872,kept,linear
2023-01-20,0.826,2516,1721,0.826,kept,linear
2023-01-23,0.826,2827,1866,0.826,kept,linear
2023-01-24,0.826,2337,1658,0.826,kept,linear
2023-01-25,0.826,2587,1767,0.826,kept,linear
2023-01-26,0.826,2542,1735,0.826,kept,linear
2023-01-27,0.824,2686,1801,0.824,kept,linear
2023-01-30,0.826,2259,1511,0.826,kept,linear
2023-01-31,0.826,2141,1447,0.826,kept,linear
2023-02-01,0.824,2671,1706,0.824,kept,linear
2023-02-02,0.818,2755,1682,0.818,kept,linear
2023-02-03,0.822,2502,1613,0.822,kept,linear
2023-02-06,0.778,2397,1603,0.778,kept,linear
2023-02-07,0.776,2543,1656,0.776,kept,linear
2023-02-08,0.78,2538,1667,0.78,kept,linear
2023-02-09,0.778,2582,1690,0.778,kept,linear
2023-02-10,0.776,2580,1704,0.776,kept,linear
2023-02-13,0.772,2486,1630,0.772,kept,linear
2023-02-14,0.774,2825,1824,0.774,kept,linear
2023-02-15,0.774,2637,1773,0.774,kept,linear
2023-02-16,0.866,2394,1655,0.866,kept,linear
2023-02-17,0.816,2629,1818,0.816,kept,linear
2023-02-21,0.826,2832,1902,0.826,kept,linear
2023-02-22,0.824,2452,1704,0.824,kept,linear
2023-02-23,0.818,2364,1647,0.818,kept,linear
2023-02-24,0.82,2736,1875,0.82,kept,linear
2023-02-27,0.822,2593,1827,0.822,kept,linear
2023-02-28,0.82,2591,1831,0.82,kept,linear
2023-03-01,0.824,2865,1990,0.824,kept,linear
2023-03-02,0.82,2627,1785,0.82,kept,linear
2023-03-03,0.808,2393,1618,0.808,kept,linear
2023-03-06,0.776,2773,1846,0.776,kept,linear
2023-03-07,0.778,3051,2037,0.778,kept,linear
2023-03-08,0.768,2468,1728,0.768,kept,linear
2023-03-09,0.776,3017,1964,0.776,kept,linear
2023-03-10,0.78,3728,2280,0.78,kept,linear
2023-03-13,0.782,3395,2104,0.782,kept,linear
2023-03-14,0.78,3304,2156,0.78,kept,linear
2023-03-15,0.778,3384,2162,0.778,kept,linear
2023-03-16,0.866,3309,2038,0.866,kept,linear
2023-03-17,0.828,3333,2097,0.828,kept,linear
2023-03-20,0.824,3181,2009,0.824,kept,linear
2023-03-21,0.818,3874,2280,0.818,kept,linear
2023-03-22,0.822,3637,2179,0.822,kept,linear
2023-03-23,0.822,3072,2012,0.822,kept,linear
2023-03-24,0.808,2944,1968,0.808,kept,linear
2023-03-27,0.822,2737,1924,0.822,kept,linear
2023-03-28,0.822,2845,1936,0.822,kept,linear
2023-03-29,0.868,3077,2104,0.868,kept,linear
2023-03-30,0.82,2935,1918,0.82,kept,linear
2023-03-31,0.82,3425,2174,0.82,kept,linear
2023-04-03,0.822,2924,1899,0.822,kept,linear
2023-04-04,0.82,2944,1945,0.82,kept,linear
2023-04-05,0.818,2499,1741,0.818,kept,linear
2023-04-06,0.816,2407,1687,0.816,kept,linear
2023-04-10,0.802,2550,1731,0.802,kept,linear
2023-04-11,0.814,2495,1711,0.814,kept,linear
2023-04-12,0.798,2731,1805,0.798,kept,linear
2023-04-13,0.808,2617,1752,0.808,kept,linear
2023-04-14,0.79,2778,1832,0.79,kept,linear
2023-04-17,0.766,2979,1893,0.766,kept,linear
2023-04-18,0.76,2732,1784,0.76,kept,linear
2023-04-19,0.778,2837,1863,0.778,kept,linear
2023-04-20,0.852,2555,1803,0.852,kept,linear
2023-04-21,0.814,2362,1679,0.814,kept,linear
2023-04-24,0.812,2259,1616,0.812,kept,linear
2023-04-25,0.81,2824,1896,0.81,kept,linear
2023-04-26,0.824,2900,1964,0.824,kept,linear
2023-04-27,0.802,2741,1793,0.802,kept,linear
2023-04-28,0.802,2890,1898,0.802,kept,linear
2023-05-01,0.814,2787,1882,0.814,kept,linear
2023-05-02,0.822,2902,1819,0.822,kept,linear
2023-05-03,0.814,2448,1613,0.814,kept,linear
2023-05-04,0.804,2794,1806,0.804,kept,linear
2023-05-05,0.82,2790,1814,0.82,kept,linear
2023-05-08,0.774,2303,1524,0.774,kept,linear
2023-05-09,0.774,2270,1526,0.774,kept,linear
2023-05-10,0.778,2656,1725,0.778,kept,linear
2023-05-11,0.758,2307,1517,0.758,kept,linear
2023-05-12,0.76,2671,1747,0.76,kept,linear
2023-05-15,0.758,2658,1744,0.758,kept,linear
2023-05-16,0.762,2584,1718,0.762,kept,linear
2023-05-17,0.758,3016,1951,0.758,kept,linear
2023-05-18,0.852,2666,1839,0.852,kept,linear
2023-05-19,0.828,2561,1776,0.828,kept,linear
2023-05-22,0.806,2286,1627,0.806,kept,linear
2023-05-23,0.808,2664,1811,0.808,kept,linear
2023-05-24,0.796,2935,1922,0.796,kept,linear
2023-05-25,0.802,2280,1537,0.802,kept,linear
2023-05-26,0.808,2768,1801,0.808,kept,linear
2023-05-30,0.81,2530,1684,0.81,kept,linear
2023-05-31,0.804,2618,1786,0.804,kept,linear
2023-06-01,0.794,2718,1735,0.794,kept,linear
2023-06-02,0.812,3270,2030,0.812,kept,linear
2023-06-05,0.762,2850,1814,0.762,kept,linear
2023-06-06,0.764,2799,1838,0.764,kept,linear
2023-06-07,0.754,2714,1809,0.754,kept,linear
2023-06-08,0.746,2729,1856,0.746,kept,linear
2023-06-09,0.766,2990,1974,0.766,kept,linear
2023-06-12,0.758,2948,1923,0.758,kept,linear
2023-06-13,0.746,3357,2098,0.746,kept,linear
2023-06-14,0.744,3160,2035,0.744,kept,linear
2023-06-15,0.762,3488,2136,0.762,kept,linear
2023-06-16,0.762,3358,2074,0.762,kept,linear
2023-06-20,0.76,3130,1945,0.76,kept,linear
2023-06-21,0.748,3028,1921,0.748,kept,linear
2023-06-22,0.844,2451,1719,0.844,kept,linear
2023-06-23,0.818,2872,1967,0.818,kept,linear
2023-06-26,0.814,2703,1817,0.814,kept,linear
2023-06-27,0.826,2822,1908,0.826,kept,linear
2023-06-28,0.808,2742,1886,0.808,kept,linear
2023-06-29,0.832,2517,1709,0.832,kept,linear
2023-06-30,0.802,3395,2126,0.802,kept,linear
2023-07-03,0.804,1870,1293,0.804,kept,linear
2023-07-05,0.802,2227,1515,0.802,kept,linear
2023-07-06,0.804,2805,1743,0.804,kept,linear
2023-07-07,0.808,2407,1600,0.808,kept,linear
2023-07-10,0.808,2262,1506,0.808,kept,linear
2023-07-11,0.814,2453,1622,0.814,kept,linear
2023-07-12,0.808,2954,1832,0.808,kept,linear
2023-07-13,0.808,2840,1752,0.808,kept,linear
2023-07-14,0.786,2776,1676,0.786,kept,linear
2023-07-17,0.756,2741,1733,0.756,kept,linear
2023-07-18,0.762,3211,1909,0.762,kept,linear
2023-07-19,0.77,3275,1936,0.77,kept,linear
2023-07-20,0.838,2498,1643,0.838,kept,linear
2023-07-21,0.822,2400,1605,0.822,kept,linear
2023-07-24,0.792,2445,1582,0.792,kept,linear
2023-07-25,0.812,2403,1581,0.812,kept,linear
2023-07-26,0.798,2432,1609,0.798,kept,linear
2023-07-27,0.802,2890,1835,0.802,kept,linear
2023-07-28,0.786,2533,1662,0.786,kept,linear
2023-07-31,0.798,2388,1640,0.798,kept,linear
2023-08-01,0.812,2479,1671,0.812,kept,linear
2023-08-02,0.802,2912,1795,0.802,kept,linear
2023-08-03,0.772,2434,1557,0.772,kept,linear
2023-08-04,0.784,2774,1713,0.784,kept,linear
2023-08-07,0.766,2444,1634,0.766,kept,linear
2023-08-08,0.752,2745,1762,0.752,kept,linear
2023-08-09,0.754,2556,1698,0.754,kept,linear
2023-08-10,0.756,2703,1718,0.756,kept,linear
2023-08-11,0.748,2603,1695,0.748,kept,linear
2023-08-14,0.74,2650,1711,0.74,kept,linear
2023-08-15,0.762,2773,1784,0.762,kept,linear
2023-08-16,0.762,3078,1966,0.762,kept,linear
2023-08-17,0.842,2559,1717,0.842,kept,linear
2023-08-18,0.812,2857,1907,0.812,kept,linear
2023-08-21,0.792,2592,1738,0.792,kept,linear
2023-08-22,0.81,2342,1615,0.81,kept,linear
2023-08-23,0.812,2497,1735,0.812,kept,linear
2023-08-24,0.8,2497,1678,0.8,kept,linear
2023-08-25,0.806,2589,1778,0.806,kept,linear
2023-08-28,0.794,2518,1715,0.794,kept,linear
2023-08-29,0.816,3096,2008,0.816,kept,linear
2023-08-30,0.804,2922,2033,0.804,kept,linear
2023-08-31,0.81,2442,1743,0.81,kept,linear
2023-09-01,0.798,2595,1832,0.798,kept,linear
2023-09-05,0.762,2473,1697,0.762,kept,linear
2023-09-06,0.756,2853,1888,0.756,kept,linear
2023-09-07,0.76,2483,1718,0.76,kept,linear
2023-09-08,0.75,2578,1771,0.75,kept,linear
2023-09-11,0.768,2611,1765,0.768,kept,linear
2023-09-12,0.762,2639,1809,0.762,kept,linear
2023-09-13,0.756,2623,1791,0.756,kept,linear
2023-09-14,0.728,2736,1841,0.728,kept,linear
2023-09-15,0.764,3230,2079,0.764,kept,linear
2023-09-18,0.762,2809,1871,0.762,kept,linear
2023-09-19,0.768,2969,1964,0.768,kept,linear
2023-09-20,0.748,3043,1989,0.748,kept,linear
2023-09-21,0.86,3429,2196,0.86,kept,linear
2023-09-22,0.824,3216,2108,0.824,kept,linear
2023-09-25,0.818,3117,2078,0.818,kept,linear
2023-09-26,0.822,3547,2295,0.822,kept,linear
2023-09-27,0.828,3562,2258,0.828,kept,linear
2023-09-28,0.822,3010,1983,0.822,kept,linear
2023-09-29,0.824,3444,2183,0.824,kept,linear
2023-10-02,0.824,3004,1928,0.824,kept,linear
2023-10-03,0.82,3345,2108,0.82,kept,linear
2023-10-04,0.822,2959,1852,0.822,kept,linear
2023-10-05,0.822,2653,1746,0.822,kept,linear
2023-10-06,0.822,3192,2025,0.822,kept,linear
2023-10-10,0.82,3290,2096,0.82,kept,linear
2023-10-11,0.802,2589,1726,0.802,kept,linear
2023-10-12,0.81,2785,1816,0.81,kept,linear
2023-10-13,0.826,2831,1871,0.826,kept,linear
2023-10-16,0.814,2841,1827,0.814,kept,linear
2023-10-17,0.814,2707,1781,0.814,kept,linear
2023-10-18,0.822,3012,1908,0.822,kept,linear
2023-10-19,0.87,2715,1839,0.87,kept,linear
2023-10-20,0.828,3187,2072,0.828,kept,linear
2023-10-23,0.822,3051,1992,0.822,kept,linear
2023-10-24,0.822,2641,1793,0.822,kept,linear
2023-10-25,0.818,3331,2152,0.818,kept,linear
2023-10-26,0.824,3301,2077,0.824,kept,linear
2023-10-27,0.824,3336,2138,0.824,kept,linear
2023-10-30,0.816,3073,2003,0.816,kept,linear
2023-10-31,0.82,3035,1955,0.82,kept,linear
2023-11-02,0.822,3246,2029,0.822,kept,linear
2023-11-03,0.82,3165,2050,0.82,kept,linear
2023-11-06,0.774,2748,1832,0.774,kept,linear
2023-11-07,0.774,2652,1826,0.774,kept,linear
2023-11-08,0.766,2664,1843,0.766,kept,linear
2023-11-09,0.77,2576,1738,0.77,kept,linear
2023-11-10,0.766,3103,2045,0.766,kept,linear
2023-11-13,0.774,2664,1777,0.774,kept,linear
2023-11-14,0.774,3580,2221,0.774,kept,linear
2023-11-15,0.762,2984,1919,0.762,kept,linear
2023-11-16,0.838,2198,1593,0.838,kept,linear
2023-11-17,0.8,2459,1746,0.8,kept,linear
2023-11-20,0.816,2864,1947,0.816,kept,linear
2023-11-21,0.81,2416,1698,0.81,kept,linear
2023-11-22,0.808,2613,1829,0.808,kept,linear
2023-11-24,0.794,1969,1440,0.794,kept,linear
2023-11-27,0.808,2462,1731,0.808,kept,linear
2023-11-28,0.814,2545,1751,0.814,kept,linear
2023-11-29,0.8,2564,1802,0.8,kept,linear
2023-11-30,0.808,2114,1492,0.808,kept,linear
2023-12-01,0.804,2747,1881,0.804,kept,linear
2023-12-04,0.762,2500,1739,0.762,kept,linear
2023-12-05,0.768,2285,1644,0.768,kept,linear
2023-12-06,0.758,2507,1774,0.758,kept,linear
2023-12-07,0.762,2345,1637,0.762,kept,linear
2023-12-08,0.768,2757,1874,0.768,kept,linear
2023-12-11,0.754,2823,1906,0.754,kept,linear
2023-12-12,0.758,2941,1951,0.758,kept,linear
2023-12-13,0.772,3335,2137,0.772,kept,linear
2023-12-14,0.77,3228,2065,0.77,kept,linear
2023-12-15,0.762,3141,2017,0.762,kept,linear
2023-12-18,0.764,3244,2057,0.764,kept,linear
2023-12-19,0.774,3271,2108,0.774,kept,linear
2023-12-20,0.77,3660,2360,0.77,kept,linear
2023-12-21,0.852,2761,1921,0.852,kept,linear
2023-12-22,0.822,2793,2003,0.822,kept,linear
2023-12-26,0.806,2522,1810,0.806,kept,linear
2023-12-27,0.82,2779,2025,0.82,kept,linear
2023-12-28,0.822,2724,1894,0.822,kept,linear
2023-12-29,0.814,2986,2068,0.814,kept,linear
2024-01-02,0.82,2938,1980,0.82,kept,linear
2024-01-03,0.81,2926,1949,0.81,kept,linear
2024-01-04,0.814,2676,1815,0.814,kept,linear
2024-01-05,0.828,3035,2024,0.828,kept,linear
2024-01-08,0.814,3187,2067,0.814,kept,linear
2024-01-09,0.804,2845,1957,0.804,kept,linear
2024-01-10,0.806,3040,1978,0.806,kept,linear
2024-01-11,0.81,3043,1988,0.81,kept,linear
2024-01-12,0.81,3086,2038,0.81,kept,linear
2024-01-16,0.816,3115,2035,0.816,kept,linear
2024-01-17,0.808,3091,1997,0.808,kept,linear
2024-01-18,0.856,2418,1690,0.856,kept,linear
2024-01-19,0.806,3210,2042,0.806,kept,linear
2024-01-22,0.818,2969,2002,0.818,kept,linear
2024-01-23,0.812,2784,1912,0.812,kept,linear
2024-01-24,0.818,3309,2137,0.818,kept,linear
2024-01-25,0.822,2643,1810,0.822,kept,linear
2024-01-26,0.828,2819,1919,0.828,kept,linear
2024-01-29,0.812,2889,1942,0.812,kept,linear
2024-01-30,0.812,2799,1880,0.812,kept,linear
2024-01-31,0.816,2994,1918,0.816,kept,linear
2024-02-01,0.81,2703,1807,0.81,kept,linear
2024-02-02,0.812,3299,2113,0.812,kept,linear
2024-02-05,0.78,2888,1920,0.78,kept,linear
2024-02-06,0.76,2635,1813,0.76,kept,linear
2024-02-07,0.764,3197,2087,0.764,kept,linear
2024-02-08,0.76,2514,1713,0.76,kept,linear
2024-02-09,0.77,3139,2011,0.77,kept,linear
2024-02-12,0.77,3165,1999,0.77,kept,linear
2024-02-13,0.768,3572,2287,0.768,kept,linear
2024-02-14,0.766,3091,2001,0.766,kept,linear
2024-02-15,0.766,2486,1747,0.766,kept,linear
2024-02-16,0.758,2559,1803,0.758,kept,linear
2024-02-20,0.768,2612,1810,0.768,kept,linear
2024-02-21,0.77,2357,1663,0.77,kept,linear
2024-02-22,0.87,3297,2077,0.87,kept,linear
2024-02-23,0.814,3024,1994,0.814,kept,linear
2024-02-26,0.812,2854,1985,0.812,kept,linear
2024-02-27,0.82,2753,2006,0.82,kept,linear
2024-02-28,0.82,2471,1732,0.82,kept,linear
2024-02-29,0.814,2562,1807,0.814,kept,linear
2024-03-01,0.802,3139,2062,0.802,kept,linear
2024-03-04,0.822,2903,1945,0.822,kept,linear
2024-03-05,0.8,3253,2153,0.8,kept,linear
2024-03-06,0.798,2927,1944,0.798,kept,linear
2024-03-07,0.796,2949,1925,0.796,kept,linear
2024-03-08,0.798,3262,2105,0.798,kept,linear
2024-03-11,0.766,2965,1951,0.766,kept,linear
2024-03-12,0.768,3180,2051,0.768,kept,linear
2024-03-13,0.76,2840,1882,0.76,kept,linear
2024-03-14,0.762,2924,1911,0.762,kept,linear
2024-03-15,0.766,3060,2018,0.766,kept,linear
2024-03-18,0.764,2891,1927,0.764,kept,linear
2024-03-19,0.756,2885,1927,0.756,kept,linear
2024-03-20,0.77,3405,2198,0.77,kept,linear
2024-03-21,0.858,3248,2164,0.858,kept,linear
2024-03-22,0.81,2788,1951,0.81,kept,linear
2024-03-25,0.816,2868,2014,0.816,kept,linear
2024-03-26,0.81,2799,2034,0.81,kept,linear
2024-03-27,0.804,2697,1948,0.804,kept,linear
2024-03-28,0.816,2928,1995,0.816,kept,linear
2024-04-01,0.814,2507,1718,0.814,kept,linear
2024-04-02,0.816,2782,1861,0.816,kept,linear
2024-04-03,0.794,2272,1592,0.794,kept,linear
2024-04-04,0.814,2872,1891,0.814,kept,linear
2024-04-05,0.82,2779,1847,0.82,kept,linear
2024-04-08,0.822,2343,1649,0.822,kept,linear
2024-04-09,0.808,2785,1861,0.808,kept,linear
2024-04-10,0.802,2913,1900,0.802,kept,linear
2024-04-11,0.804,2815,1823,0.804,kept,linear
2024-04-12,0.808,3607,2311,0.808,kept,linear
2024-04-15,0.81,3615,2266,0.81,kept,linear
2024-04-16,0.8,3282,2123,0.8,kept,linear
2024-04-17,0.858,3520,2250,0.858,kept,linear
2024-04-18,0.818,2890,2083,0.818,kept,linear
2024-04-19,0.816,3713,2496,0.816,kept,linear
2024-04-22,0.82,3488,2357,0.82,kept,linear
2024-04-23,0.806,3084,2141,0.806,kept,linear
2024-04-24,0.814,2752,1969,0.814,kept,linear
2024-04-25,0.818,2773,1910,0.818,kept,linear
2024-04-26,0.816,2869,2049,0.816,kept,linear
2024-04-29,0.804,2747,1989,0.804,kept,linear
2024-04-30,0.812,2875,2070,0.812,kept,linear
2024-05-01,0.812,3092,2172,0.812,kept,linear
2024-05-02,0.808,2584,1903,0.808,kept,linear
2024-05-03,0.8,3184,2181,0.8,kept,linear
2024-05-06,0.766,3002,2094,0.766,kept,linear
2024-05-07,0.758,2959,2081,0.758,kept,linear
2024-05-08,0.764,2540,1827,0.764,kept,linear
2024-05-09,0.76,2751,1971,0.76,kept,linear
2024-05-10,0.77,2909,2072,0.77,kept,linear
2024-05-13,0.758,2575,1864,0.758,kept,linear
2024-05-14,0.748,2610,1865,0.748,kept,linear
2024-05-15,0.762,3599,2392,0.762,kept,linear
2024-05-16,0.834,2966,2056,0.834,kept,linear
2024-05-17,0.804,2875,1944,0.804,kept,linear
2024-05-20,0.808,2808,1940,0.808,kept,linear
2024-05-21,0.8,2665,1890,0.8,kept,linear
2024-05-22,0.808,2941,2008,0.808,kept,linear
2024-05-23,0.828,2920,2072,0.828,kept,linear
2024-05-24,0.79,2493,1885,0.79,kept,linear
2024-05-28,0.808,2548,1922,0.808,kept,linear
2024-05-29,0.808,2564,1940,0.808,kept,linear
2024-05-30,0.792,2285,1697,0.792,kept,linear
2024-05-31,0.816,2835,2035,0.816,kept,linear
2024-06-03,0.772,2682,1899,0.772,kept,linear
2024-06-04,0.762,2274,1647,0.762,kept,linear
2024-06-05,0.78,3002,2149,0.78,kept,linear
2024-06-06,0.766,2372,1773,0.766,kept,linear
2024-06-07,0.766,2593,1869,0.766,kept,linear
2024-06-10,0.77,2493,1841,0.77,kept,linear
2024-06-11,0.756,2503,1827,0.756,kept,linear
2024-06-12,0.76,3540,2384,0.76,kept,linear
2024-06-13,0.76,2770,1956,0.76,kept,linear
2024-06-14,0.75,2623,1881,0.75,kept,linear
2024-06-17,0.77,3592,2367,0.77,kept,linear
2024-06-18,0.758,3221,2175,0.758,kept,linear
2024-06-20,0.868,2781,1982,0.868,kept,linear
2024-06-21,0.814,2573,1845,0.814,kept,linear
2024-06-24,0.82,2575,1896,0.82,kept,linear
2024-06-25,0.816,2397,1750,0.816,kept,linear
2024-06-26,0.812,2459,1817,0.812,kept,linear
2024-06-27,0.816,2285,1681,0.816,kept,linear
2024-06-28,0.802,3019,2112,0.802,kept,linear
2024-07-01,0.812,2793,1993,0.812,kept,linear
2024-07-02,0.816,2551,1803,0.816,kept,linear
2024-07-03,0.816,2357,1691,0.816,kept,linear
2024-07-05,0.822,2856,1952,0.822,kept,linear
2024-07-08,0.826,2780,1895,0.826,kept,linear
2024-07-09,0.808,2598,1803,0.808,kept,linear
2024-07-10,0.808,3104,2044,0.808,kept,linear
2024-07-11,0.802,2892,1939,0.802,kept,linear
2024-07-12,0.812,3299,2174,0.812,kept,linear
2024-07-15,0.794,3002,2012,0.794,kept,linear
2024-07-16,0.81,2897,1956,0.81,kept,linear
2024-07-17,0.806,3179,2050,0.806,kept,linear
2024-07-18,0.854,2790,1990,0.854,kept,linear
2024-07-19,0.818,2752,1991,0.818,kept,linear
2024-07-22,0.814,2665,1871,0.814,kept,linear
2024-07-23,0.814,2316,1707,0.814,kept,linear
2024-07-24,0.82,3513,2340,0.82,kept,linear
2024-07-25,0.818,3186,2200,0.818,kept,linear
2024-07-26,0.814,2802,1962,0.814,kept,linear
2024-07-29,0.82,2489,1837,0.82,kept,linear
2024-07-30,0.816,2923,2038,0.816,kept,linear
2024-07-31,0.808,3052,2141,0.808,kept,linear
2024-08-01,0.818,3433,2286,0.818,kept,linear
2024-08-02,0.814,3920,2518,0.814,kept,linear
2024-08-05,0.782,4543,2777,0.782,kept,linear
2024-08-06,0.774,4002,2546,0.774,kept,linear
2024-08-07,0.782,3838,2420,0.782,kept,linear
2024-08-08,0.768,3231,2106,0.768,kept,linear
2024-08-09,0.772,3334,2269,0.772,kept,linear
2024-08-12,0.766,3336,2266,0.766,kept,linear
2024-08-13,0.76,3420,2286,0.76,kept,linear
2024-08-14,0.782,3265,2254,0.782,kept,linear
2024-08-15,0.854,3685,2452,0.854,kept,linear
2024-08-16,0.818,3166,2154,0.818,kept,linear
2024-08-19,0.816,3541,2312,0.816,kept,linear
2024-08-20,0.818,3337,2244,0.818,kept,linear
2024-08-21,0.822,3131,2098,0.822,kept,linear
2024-08-22,0.812,2809,2019,0.812,kept,linear
2024-08-23,0.81,2928,2086,0.81,kept,linear
2024-08-26,0.816,2608,1948,0.816,kept,linear
2024-08-27,0.8,2460,1879,0.8,kept,linear
2024-08-28,0.816,2848,2108,0.816,kept,linear
2024-08-29,0.808,2784,1970,0.808,kept,linear
2024-08-30,0.806,2924,2108,0.806,kept,linear
2024-09-03,0.768,3383,2249,0.768,kept,linear
2024-09-04,0.77,2888,2005,0.77,kept,linear
2024-09-05,0.77,2757,1882,0.77,kept,linear
2024-09-06,0.78,3775,2477,0.78,kept,linear
2024-09-09,0.758,3117,2093,0.758,kept,linear
2024-09-10,0.768,2785,1943,0.768,kept,linear
2024-09-11,0.774,3360,2232,0.774,kept,linear
2024-09-12,0.754,3002,2005,0.754,kept,linear
2024-09-13,0.754,2999,2020,0.754,kept,linear
2024-09-16,0.75,2824,1947,0.75,kept,linear
2024-09-17,0.768,3069,2017,0.768,kept,linear
2024-09-18,0.754,2655,1747,0.754,kept,linear
2024-09-19,0.866,3083,2156,0.866,kept,linear
2024-09-20,0.81,2617,1884,0.81,kept,linear
2024-09-23,0.812,2621,1874,0.812,kept,linear
2024-09-24,0.802,2581,1872,0.802,kept,linear
2024-09-25,0.808,2556,1874,0.808,kept,linear
2024-09-26,0.82,2388,1721,0.82,kept,linear
2024-09-27,0.81,2533,1789,0.81,kept,linear
2024-09-30,0.842,2778,1950,0.842,kept,linear
2024-10-01,0.808,2984,2035,0.808,kept,linear
2024-10-02,0.812,2352,1674,0.812,kept,linear
2024-10-03,0.81,2319,1597,0.81,kept,linear
2024-10-04,0.812,2300,1606,0.812,kept,linear
2024-10-07,0.826,2500,1708,0.826,kept,linear
2024-10-08,0.818,2288,1561,0.818,kept,linear
2024-10-09,0.816,2663,1844,0.816,kept,linear
2024-10-10,0.82,2144,1495,0.82,kept,linear
2024-10-11,0.82,2888,1956,0.82,kept,linear
2024-10-15,0.816,2756,1856,0.816,kept,linear
2024-10-16,0.822,2575,1739,0.822,kept,linear
2024-10-17,0.852,1959,1474,0.852,kept,linear
2024-10-18,0.818,2408,1746,0.818,kept,linear
2024-10-21,0.8,2475,1826,0.8,kept,linear
2024-10-22,0.816,2049,1517,0.816,kept,linear
2024-10-23,0.818,2639,1878,0.818,kept,linear
2024-10-24,0.8,2018,1488,0.8,kept,linear
2024-10-25,0.826,2594,1864,0.826,kept,linear
2024-10-28,0.816,2296,1665,0.816,kept,linear
2024-10-29,0.812,2346,1709,0.812,kept,linear
2024-10-30,0.814,2394,1783,0.814,kept,linear
2024-10-31,0.81,3197,2176,0.81,kept,linear
2024-11-01,0.81,2538,1885,0.81,kept,linear
2024-11-04,0.774,2731,1935,0.774,kept,linear
2024-11-05,0.758,2591,1911,0.758,kept,linear
2024-11-06,0.778,3909,2707,0.778,kept,linear
2024-11-07,0.78,3250,2275,0.78,kept,linear
2024-11-08,0.774,3281,2305,0.774,kept,linear
2024-11-12,0.764,2645,1915,0.764,kept,linear
2024-11-13,0.756,2658,1919,0.756,kept,linear
2024-11-14,0.744,2623,1881,0.744,kept,linear
2024-11-15,0.754,3638,2430,0.754,kept,linear
2024-11-18,0.75,2911,2042,0.75,kept,linear
2024-11-19,0.742,2807,1966,0.742,kept,linear
2024-11-20,0.75,2931,2001,0.75,kept,linear
2024-11-21,0.85,2435,1849,0.85,kept,linear
2024-11-22,0.804,2423,1790,0.804,kept,linear
2024-11-25,0.808,2784,2052,0.808,kept,linear
2024-11-26,0.804,2729,2097,0.804,kept,linear
2024-11-27,0.79,2730,2037,0.79,kept,linear
2024-11-29,0.792,2256,1686,0.792,kept,linear
2024-12-02,0.792,2423,1798,0.792,kept,linear
2024-12-03,0.802,2356,1755,0.802,kept,linear
2024-12-04,0.804,2543,1837,0.804,kept,linear
2024-12-05,0.81,2128,1554,0.81,kept,linear
2024-12-06,0.768,2289,1690,0.768,kept,linear
2024-12-09,0.758,2358,1708,0.758,kept,linear
2024-12-10,0.762,2215,1616,0.762,kept,linear
2024-12-11,0.766,2499,1801,0.766,kept,linear
2024-12-12,0.756,2233,1615,0.756,kept,linear
2024-12-13,0.746,2334,1692,0.746,kept,linear
2024-12-16,0.768,2670,1874,0.768,kept,linear
2024-12-17,0.756,2871,1993,0.756,kept,linear
2024-12-18,0.758,3804,2497,0.758,kept,linear
2024-12-19,0.854,3494,2458,0.854,kept,linear
2024-12-20,0.806,3627,2483,0.806,kept,linear
2024-12-23,0.806,3070,2245,0.806,kept,linear
2024-12-24,0.792,2826,2134,0.792,kept,linear
2024-12-26,0.808,2679,1995,0.808,kept,linear
2024-12-27,0.804,3259,2333,0.804,kept,linear
2024-12-30,0.82,3456,2410,0.82,kept,linear
2024-12-31,0.848,3168,2331,0.848,kept,linear
